s_p,s_n,cluster_label,cluster_type
72.7,-152.0,0,cluster_0
66.4,-159.0,0,cluster_0
65.3,-180.0,0,cluster_0
5.73,-4.13,0,cluster_0
-71.4,-73.0,0,cluster_0
345.0,-247.0,1,cluster_1
263.0,-187.0,1,cluster_1
163.0,-165.0,1,cluster_1
-144.0,-151.0,0,cluster_0
-74.0,-205.0,0,cluster_0
329.0,-236.0,1,cluster_1
268.0,-186.0,1,cluster_1
222.0,97.4,0,cluster_0
429.0,-146.0,-1,noise
-27.5,-241.0,0,cluster_0
265.0,-153.0,1,cluster_1
-101.0,-213.0,0,cluster_0
-1.18,-67.1,0,cluster_0
-218.0,-247.0,0,cluster_0
327.0,269.0,-1,noise
-30.2,-34.2,0,cluster_0
100.0,99.2,0,cluster_0
265.0,240.0,-1,noise
102.0,-10.0,0,cluster_0
273.0,-198.0,1,cluster_1
108.0,1.38,0,cluster_0
-84.8,-85.8,0,cluster_0
-91.1,-169.0,0,cluster_0
-22.0,-174.0,0,cluster_0
-214.0,-223.0,0,cluster_0
-150.0,-146.0,0,cluster_0
40.3,28.0,0,cluster_0
-42.6,-101.0,0,cluster_0
47.8,-209.0,0,cluster_0
-213.0,-236.0,0,cluster_0
11.1,8.25,0,cluster_0
-114.0,-122.0,0,cluster_0
245.0,-138.0,1,cluster_1
317.0,-63.4,-1,noise
25.8,-31.1,0,cluster_0
-16.0,-29.9,0,cluster_0
-81.8,-84.0,0,cluster_0
-148.0,-149.0,0,cluster_0
228.0,204.0,0,cluster_0
6.86,-55.8,0,cluster_0
-45.0,-46.1,0,cluster_0
224.0,-204.0,1,cluster_1
292.0,-65.3,-1,noise
19.9,-151.0,0,cluster_0
-42.7,-45.5,0,cluster_0
97.1,97.1,0,cluster_0
297.0,-206.0,1,cluster_1
148.0,131.0,0,cluster_0
108.0,96.8,0,cluster_0
116.0,111.0,0,cluster_0
47.9,-38.2,0,cluster_0
-15.4,-42.5,0,cluster_0
-127.0,-129.0,0,cluster_0
-57.3,-80.8,0,cluster_0
318.0,254.0,-1,noise
-126.0,-166.0,0,cluster_0
-199.0,-200.0,0,cluster_0
39.5,21.0,0,cluster_0
-132.0,-173.0,0,cluster_0
-231.0,-245.0,0,cluster_0
147.0,102.0,0,cluster_0
-75.2,-234.0,0,cluster_0
42.6,41.4,0,cluster_0
-32.4,-33.7,0,cluster_0
-175.0,-178.0,0,cluster_0
-124.0,-143.0,0,cluster_0
148.0,143.0,0,cluster_0
468.0,384.0,-1,noise
-0.631,-137.0,0,cluster_0
-201.0,-216.0,0,cluster_0
-37.7,-37.7,0,cluster_0
-142.0,-140.0,0,cluster_0
197.0,194.0,0,cluster_0
-11.0,-12.0,0,cluster_0
-75.0,-77.2,0,cluster_0
72.6,54.3,0,cluster_0
146.0,98.2,0,cluster_0
-35.9,-38.0,0,cluster_0
55.2,28.6,0,cluster_0
-160.0,-183.0,0,cluster_0
-123.0,-139.0,0,cluster_0
76.3,76.3,0,cluster_0
251.0,-247.0,1,cluster_1
-105.0,-131.0,0,cluster_0
90.6,88.7,0,cluster_0
-134.0,-137.0,0,cluster_0
-210.0,-213.0,0,cluster_0
-52.6,-57.8,0,cluster_0
-119.0,-120.0,0,cluster_0
94.6,92.9,0,cluster_0
-84.3,-89.8,0,cluster_0
228.0,-248.0,1,cluster_1
-29.9,-30.5,0,cluster_0
-167.0,-189.0,0,cluster_0
-137.0,-150.0,0,cluster_0
-77.9,-79.6,0,cluster_0
158.0,158.0,0,cluster_0
106.0,75.1,0,cluster_0
-114.0,-111.0,0,cluster_0
170.0,168.0,0,cluster_0
165.0,163.0,0,cluster_0
-102.0,-105.0,0,cluster_0
-224.0,-228.0,0,cluster_0
-85.6,-88.0,0,cluster_0
240.0,201.0,0,cluster_0
39.7,-7.4,0,cluster_0
177.0,153.0,0,cluster_0
-168.0,-173.0,0,cluster_0
9.67,5.11,0,cluster_0
-190.0,-194.0,0,cluster_0
34.2,5.87,0,cluster_0
144.0,50.6,0,cluster_0
35.3,34.0,0,cluster_0
-203.0,-203.0,0,cluster_0
49.6,49.1,0,cluster_0
179.0,65.2,0,cluster_0
76.0,10.9,0,cluster_0
61.2,39.2,0,cluster_0
40.4,34.0,0,cluster_0
33.5,32.3,0,cluster_0
346.0,347.0,-1,noise
27.7,-123.0,0,cluster_0
88.0,84.1,0,cluster_0
53.2,44.4,0,cluster_0
56.6,51.4,0,cluster_0
-98.0,-97.4,0,cluster_0
119.0,118.0,0,cluster_0
-53.4,-55.2,0,cluster_0
-117.0,-123.0,0,cluster_0
20.7,0.518,0,cluster_0
-21.6,-65.6,0,cluster_0
-36.2,-44.4,0,cluster_0
46.6,37.4,0,cluster_0
-81.7,-87.6,0,cluster_0
-65.3,-66.1,0,cluster_0
-183.0,-192.0,0,cluster_0
-164.0,-166.0,0,cluster_0
122.0,110.0,0,cluster_0
-125.0,-152.0,0,cluster_0
96.3,96.2,0,cluster_0
136.0,136.0,0,cluster_0
28.9,26.9,0,cluster_0
-155.0,-167.0,0,cluster_0
-81.7,-83.7,0,cluster_0
61.4,58.7,0,cluster_0
114.0,-241.0,-1,noise
16.3,-121.0,0,cluster_0
139.0,95.7,0,cluster_0
51.3,42.1,0,cluster_0
-106.0,-108.0,0,cluster_0
36.6,-56.2,0,cluster_0
360.0,-173.0,1,cluster_1
122.0,110.0,0,cluster_0
79.1,74.8,0,cluster_0
178.0,121.0,0,cluster_0
154.0,131.0,0,cluster_0
228.0,-123.0,1,cluster_1
312.0,292.0,-1,noise
243.0,152.0,0,cluster_0
-131.0,-182.0,0,cluster_0
249.0,248.0,0,cluster_0
87.6,36.0,0,cluster_0
-169.0,-167.0,0,cluster_0
44.8,-196.0,0,cluster_0
422.0,425.0,-1,noise
-51.8,-118.0,0,cluster_0
156.0,-219.0,1,cluster_1
760.0,-421.0,1,cluster_1
567.0,-393.0,1,cluster_1
471.0,-305.0,1,cluster_1
871.0,-416.0,1,cluster_1
510.0,-496.0,1,cluster_1
587.0,-334.0,1,cluster_1
913.0,-363.0,1,cluster_1
682.0,-597.0,1,cluster_1
614.0,-551.0,1,cluster_1
539.0,-412.0,1,cluster_1
729.0,-580.0,1,cluster_1
844.0,-489.0,1,cluster_1
578.0,-275.0,1,cluster_1
471.0,-432.0,1,cluster_1
565.0,-512.0,1,cluster_1
899.0,-405.0,1,cluster_1
772.0,-439.0,1,cluster_1
761.0,-703.0,1,cluster_1
605.0,-433.0,1,cluster_1
446.0,-430.0,1,cluster_1
431.0,-449.0,1,cluster_1
835.0,-399.0,1,cluster_1
720.0,-385.0,1,cluster_1
574.0,-894.0,1,cluster_1
764.0,-425.0,1,cluster_1
525.0,-592.0,1,cluster_1
648.0,-255.0,1,cluster_1
652.0,-531.0,1,cluster_1
679.0,-375.0,1,cluster_1
681.0,-858.0,1,cluster_1
737.0,-444.0,1,cluster_1
712.0,-544.0,1,cluster_1
714.0,-784.0,1,cluster_1
636.0,-588.0,1,cluster_1
623.0,-510.0,1,cluster_1
571.0,-595.0,1,cluster_1
586.0,-386.0,1,cluster_1
716.0,-376.0,1,cluster_1
792.0,-478.0,1,cluster_1
471.0,-497.0,1,cluster_1
609.0,-508.0,1,cluster_1
785.0,-401.0,1,cluster_1
779.0,-669.0,1,cluster_1
739.0,-535.0,1,cluster_1
646.0,-347.0,1,cluster_1
687.0,-278.0,1,cluster_1
576.0,-542.0,1,cluster_1
659.0,-512.0,1,cluster_1
668.0,-543.0,1,cluster_1
652.0,-590.0,1,cluster_1
453.0,-307.0,1,cluster_1
621.0,-606.0,1,cluster_1
698.0,-637.0,1,cluster_1
531.0,-538.0,1,cluster_1
719.0,-700.0,1,cluster_1
418.0,-308.0,1,cluster_1
462.0,-463.0,1,cluster_1
824.0,-752.0,1,cluster_1
745.0,-378.0,1,cluster_1
603.0,-646.0,1,cluster_1
646.0,-560.0,1,cluster_1
541.0,-538.0,1,cluster_1
537.0,-537.0,1,cluster_1
470.0,-957.0,-1,noise
530.0,-548.0,1,cluster_1
530.0,-547.0,1,cluster_1
732.0,-577.0,1,cluster_1
734.0,-608.0,1,cluster_1
805.0,-405.0,1,cluster_1
693.0,-416.0,1,cluster_1
721.0,-688.0,1,cluster_1
568.0,-482.0,1,cluster_1
837.0,-437.0,1,cluster_1
694.0,-700.0,1,cluster_1
786.0,-410.0,1,cluster_1
756.0,-287.0,1,cluster_1
734.0,-515.0,1,cluster_1
711.0,-499.0,1,cluster_1
558.0,-384.0,1,cluster_1
812.0,-403.0,1,cluster_1
379.0,-478.0,1,cluster_1
645.0,-629.0,1,cluster_1
653.0,-703.0,1,cluster_1
719.0,-832.0,1,cluster_1
344.0,-490.0,1,cluster_1
462.0,-410.0,1,cluster_1
737.0,-334.0,1,cluster_1
654.0,-588.0,1,cluster_1
630.0,-572.0,1,cluster_1
568.0,-324.0,1,cluster_1
597.0,-330.0,1,cluster_1
781.0,-407.0,1,cluster_1
801.0,-405.0,1,cluster_1
840.0,-415.0,1,cluster_1
729.0,-817.0,1,cluster_1
668.0,-672.0,1,cluster_1
785.0,-398.0,1,cluster_1
606.0,-582.0,1,cluster_1
425.0,-338.0,1,cluster_1
591.0,-562.0,1,cluster_1
818.0,-459.0,1,cluster_1
854.0,-476.0,1,cluster_1
474.0,-604.0,1,cluster_1
539.0,-332.0,1,cluster_1
561.0,-485.0,1,cluster_1
516.0,-495.0,1,cluster_1
734.0,-403.0,1,cluster_1
621.0,-642.0,1,cluster_1
584.0,-431.0,1,cluster_1
922.0,-448.0,1,cluster_1
667.0,-391.0,1,cluster_1
497.0,-453.0,1,cluster_1
708.0,-399.0,1,cluster_1
679.0,-423.0,1,cluster_1
719.0,-593.0,1,cluster_1
658.0,-721.0,1,cluster_1
739.0,-420.0,1,cluster_1
505.0,-532.0,1,cluster_1
468.0,-519.0,1,cluster_1
645.0,-394.0,1,cluster_1
483.0,-340.0,1,cluster_1
708.0,-501.0,1,cluster_1
461.0,-450.0,1,cluster_1
860.0,-810.0,1,cluster_1
663.0,-705.0,1,cluster_1
692.0,-636.0,1,cluster_1
664.0,-619.0,1,cluster_1
667.0,-619.0,1,cluster_1
604.0,-634.0,1,cluster_1
567.0,-579.0,1,cluster_1
708.0,-511.0,1,cluster_1
726.0,-442.0,1,cluster_1
542.0,-501.0,1,cluster_1
512.0,-460.0,1,cluster_1
705.0,-724.0,1,cluster_1
684.0,-548.0,1,cluster_1
661.0,-588.0,1,cluster_1
661.0,-397.0,1,cluster_1
481.0,-522.0,1,cluster_1
708.0,-384.0,1,cluster_1
796.0,-345.0,1,cluster_1
654.0,-428.0,1,cluster_1
759.0,-440.0,1,cluster_1
813.0,-416.0,1,cluster_1
751.0,-786.0,1,cluster_1
719.0,-645.0,1,cluster_1
706.0,-659.0,1,cluster_1
667.0,-638.0,1,cluster_1
760.0,-452.0,1,cluster_1
602.0,-427.0,1,cluster_1
780.0,-597.0,1,cluster_1
513.0,-412.0,1,cluster_1
821.0,-497.0,1,cluster_1
719.0,-460.0,1,cluster_1
679.0,-519.0,1,cluster_1
751.0,-407.0,1,cluster_1
768.0,-587.0,1,cluster_1
883.0,-459.0,1,cluster_1
728.0,-656.0,1,cluster_1
846.0,-413.0,1,cluster_1
719.0,-280.0,1,cluster_1
770.0,-805.0,1,cluster_1
517.0,-570.0,1,cluster_1
522.0,-554.0,1,cluster_1
498.0,-294.0,1,cluster_1
635.0,-540.0,1,cluster_1
513.0,-466.0,1,cluster_1
560.0,-340.0,1,cluster_1
518.0,-626.0,1,cluster_1
484.0,-312.0,1,cluster_1
661.0,-409.0,1,cluster_1
745.0,-659.0,1,cluster_1
737.0,-656.0,1,cluster_1
733.0,-656.0,1,cluster_1
754.0,-390.0,1,cluster_1
763.0,-311.0,1,cluster_1
674.0,-527.0,1,cluster_1
625.0,-502.0,1,cluster_1
627.0,-460.0,1,cluster_1
500.0,-380.0,1,cluster_1
719.0,-625.0,1,cluster_1
761.0,-394.0,1,cluster_1
742.0,-431.0,1,cluster_1
897.0,-438.0,1,cluster_1
706.0,-360.0,1,cluster_1
741.0,-336.0,1,cluster_1
825.0,-393.0,1,cluster_1
713.0,-616.0,1,cluster_1
444.0,-562.0,1,cluster_1
352.0,-485.0,1,cluster_1
773.0,-395.0,1,cluster_1
614.0,-634.0,1,cluster_1
726.0,-388.0,1,cluster_1
575.0,-379.0,1,cluster_1
873.0,-418.0,1,cluster_1
591.0,-275.0,1,cluster_1
760.0,-670.0,1,cluster_1
717.0,-320.0,1,cluster_1
743.0,-454.0,1,cluster_1
747.0,-633.0,1,cluster_1
527.0,-528.0,1,cluster_1
523.0,-517.0,1,cluster_1
516.0,-393.0,1,cluster_1
509.0,-382.0,1,cluster_1
726.0,-329.0,1,cluster_1
569.0,-451.0,1,cluster_1
563.0,-814.0,1,cluster_1
526.0,-441.0,1,cluster_1
861.0,-412.0,1,cluster_1
750.0,-411.0,1,cluster_1
514.0,-437.0,1,cluster_1
873.0,-403.0,1,cluster_1
477.0,-494.0,1,cluster_1
709.0,-535.0,1,cluster_1
657.0,-467.0,1,cluster_1
350.0,-670.0,1,cluster_1
452.0,-438.0,1,cluster_1
707.0,-692.0,1,cluster_1
740.0,-659.0,1,cluster_1
562.0,-254.0,1,cluster_1
684.0,-512.0,1,cluster_1
749.0,-446.0,1,cluster_1
805.0,-650.0,1,cluster_1
796.0,-389.0,1,cluster_1
843.0,-769.0,1,cluster_1
822.0,-801.0,1,cluster_1
811.0,-784.0,1,cluster_1
748.0,-330.0,1,cluster_1
747.0,-444.0,1,cluster_1
774.0,-440.0,1,cluster_1
808.0,-436.0,1,cluster_1
804.0,-378.0,1,cluster_1
570.0,-345.0,1,cluster_1
783.0,-401.0,1,cluster_1
739.0,-559.0,1,cluster_1
541.0,-382.0,1,cluster_1
714.0,-385.0,1,cluster_1
737.0,-412.0,1,cluster_1
783.0,-383.0,1,cluster_1
800.0,-405.0,1,cluster_1
759.0,-344.0,1,cluster_1
673.0,-715.0,1,cluster_1
715.0,-446.0,1,cluster_1
721.0,-386.0,1,cluster_1
918.0,-459.0,1,cluster_1
801.0,-287.0,1,cluster_1
867.0,-396.0,1,cluster_1
788.0,-404.0,1,cluster_1
791.0,-806.0,1,cluster_1
788.0,-854.0,1,cluster_1
888.0,-422.0,1,cluster_1
507.0,-373.0,1,cluster_1
862.0,-398.0,1,cluster_1
837.0,-408.0,1,cluster_1
878.0,-411.0,1,cluster_1
879.0,-442.0,1,cluster_1
662.0,-437.0,1,cluster_1
511.0,-519.0,1,cluster_1
577.0,-500.0,1,cluster_1
578.0,-515.0,1,cluster_1
778.0,-416.0,1,cluster_1
717.0,-411.0,1,cluster_1
806.0,-372.0,1,cluster_1
664.0,-654.0,1,cluster_1
699.0,-516.0,1,cluster_1
605.0,-383.0,1,cluster_1
873.0,-730.0,1,cluster_1
908.0,-606.0,1,cluster_1
864.0,-685.0,1,cluster_1
758.0,-356.0,1,cluster_1
761.0,-373.0,1,cluster_1
733.0,-378.0,1,cluster_1
792.0,-553.0,1,cluster_1
804.0,-658.0,1,cluster_1
518.0,-539.0,1,cluster_1
748.0,-719.0,1,cluster_1
744.0,-808.0,1,cluster_1
676.0,-525.0,1,cluster_1
592.0,-580.0,1,cluster_1
695.0,-660.0,1,cluster_1
698.0,-418.0,1,cluster_1
764.0,-398.0,1,cluster_1
576.0,-572.0,1,cluster_1
777.0,-264.0,1,cluster_1
743.0,-705.0,1,cluster_1
541.0,-557.0,1,cluster_1
831.0,-433.0,1,cluster_1
478.0,-724.0,1,cluster_1
492.0,-468.0,1,cluster_1
696.0,-409.0,1,cluster_1
930.0,-776.0,1,cluster_1
490.0,-681.0,1,cluster_1
742.0,-406.0,1,cluster_1
729.0,-658.0,1,cluster_1
661.0,-563.0,1,cluster_1
758.0,-323.0,1,cluster_1
764.0,-532.0,1,cluster_1
574.0,-474.0,1,cluster_1
727.0,-419.0,1,cluster_1
676.0,-596.0,1,cluster_1
628.0,-389.0,1,cluster_1
715.0,-426.0,1,cluster_1
784.0,-413.0,1,cluster_1
703.0,-679.0,1,cluster_1
578.0,-430.0,1,cluster_1
838.0,-412.0,1,cluster_1
633.0,-583.0,1,cluster_1
544.0,-536.0,1,cluster_1
784.0,-381.0,1,cluster_1
593.0,-257.0,1,cluster_1
789.0,-274.0,1,cluster_1
697.0,-359.0,1,cluster_1
795.0,-432.0,1,cluster_1
787.0,-759.0,1,cluster_1
735.0,-718.0,1,cluster_1
553.0,-360.0,1,cluster_1
606.0,-445.0,1,cluster_1
843.0,-651.0,1,cluster_1
844.0,-647.0,1,cluster_1
767.0,-391.0,1,cluster_1
819.0,-429.0,1,cluster_1
760.0,-387.0,1,cluster_1
862.0,-421.0,1,cluster_1
745.0,-527.0,1,cluster_1
790.0,-565.0,1,cluster_1
584.0,-667.0,1,cluster_1
522.0,-531.0,1,cluster_1
627.0,-599.0,1,cluster_1
681.0,-496.0,1,cluster_1
684.0,-632.0,1,cluster_1
496.0,-640.0,1,cluster_1
772.0,-568.0,1,cluster_1
643.0,-686.0,1,cluster_1
660.0,-697.0,1,cluster_1
526.0,-514.0,1,cluster_1
740.0,-398.0,1,cluster_1
608.0,-658.0,1,cluster_1
592.0,-496.0,1,cluster_1
602.0,-644.0,1,cluster_1
633.0,-507.0,1,cluster_1
514.0,-729.0,1,cluster_1
494.0,-643.0,1,cluster_1
615.0,-599.0,1,cluster_1
742.0,-858.0,1,cluster_1
748.0,-399.0,1,cluster_1
811.0,-409.0,1,cluster_1
487.0,-371.0,1,cluster_1
539.0,-635.0,1,cluster_1
675.0,-369.0,1,cluster_1
683.0,-364.0,1,cluster_1
696.0,-614.0,1,cluster_1
617.0,-398.0,1,cluster_1
790.0,-347.0,1,cluster_1
797.0,-445.0,1,cluster_1
482.0,-371.0,1,cluster_1
684.0,-528.0,1,cluster_1
840.0,-410.0,1,cluster_1
888.0,-708.0,1,cluster_1
785.0,-439.0,1,cluster_1
618.0,-498.0,1,cluster_1
693.0,-408.0,1,cluster_1
611.0,-459.0,1,cluster_1
683.0,-577.0,1,cluster_1
674.0,-429.0,1,cluster_1
608.0,-395.0,1,cluster_1
760.0,-457.0,1,cluster_1
675.0,-472.0,1,cluster_1
787.0,-346.0,1,cluster_1
761.0,-390.0,1,cluster_1
786.0,-270.0,1,cluster_1
784.0,-406.0,1,cluster_1
669.0,-290.0,1,cluster_1
516.0,-623.0,1,cluster_1
465.0,-377.0,1,cluster_1
589.0,-271.0,1,cluster_1
760.0,-425.0,1,cluster_1
686.0,-374.0,1,cluster_1
755.0,-381.0,1,cluster_1
703.0,-679.0,1,cluster_1
568.0,-291.0,1,cluster_1
564.0,-554.0,1,cluster_1
557.0,-557.0,1,cluster_1
579.0,-528.0,1,cluster_1
583.0,-523.0,1,cluster_1
585.0,-524.0,1,cluster_1
548.0,-517.0,1,cluster_1
549.0,-522.0,1,cluster_1
557.0,-518.0,1,cluster_1
597.0,-355.0,1,cluster_1
731.0,-580.0,1,cluster_1
799.0,-322.0,1,cluster_1
648.0,-510.0,1,cluster_1
790.0,-425.0,1,cluster_1
693.0,-639.0,1,cluster_1
496.0,-506.0,1,cluster_1
683.0,-568.0,1,cluster_1
390.0,-655.0,1,cluster_1
689.0,-573.0,1,cluster_1
733.0,-710.0,1,cluster_1
621.0,-711.0,1,cluster_1
552.0,-840.0,1,cluster_1
610.0,-656.0,1,cluster_1
688.0,-801.0,1,cluster_1
844.0,-388.0,1,cluster_1
577.0,-421.0,1,cluster_1
505.0,-482.0,1,cluster_1
485.0,-490.0,1,cluster_1
691.0,-680.0,1,cluster_1
686.0,-641.0,1,cluster_1
567.0,-382.0,1,cluster_1
499.0,-587.0,1,cluster_1
615.0,-251.0,1,cluster_1
256.0,-298.0,1,cluster_1
664.0,-349.0,1,cluster_1
652.0,-684.0,1,cluster_1
647.0,-566.0,1,cluster_1
697.0,-399.0,1,cluster_1
563.0,-474.0,1,cluster_1
492.0,-420.0,1,cluster_1
691.0,-916.0,1,cluster_1
708.0,-516.0,1,cluster_1
695.0,-449.0,1,cluster_1
645.0,-557.0,1,cluster_1
615.0,-415.0,1,cluster_1
614.0,-415.0,1,cluster_1
817.0,-518.0,1,cluster_1
478.0,-449.0,1,cluster_1
379.0,-523.0,1,cluster_1
379.0,-475.0,1,cluster_1
482.0,-393.0,1,cluster_1
616.0,-660.0,1,cluster_1
811.0,-408.0,1,cluster_1
784.0,-419.0,1,cluster_1
497.0,-547.0,1,cluster_1
543.0,-543.0,1,cluster_1
599.0,-549.0,1,cluster_1
679.0,-683.0,1,cluster_1
825.0,-415.0,1,cluster_1
479.0,-452.0,1,cluster_1
794.0,-825.0,1,cluster_1
632.0,-360.0,1,cluster_1
677.0,-589.0,1,cluster_1
766.0,-566.0,1,cluster_1
576.0,-312.0,1,cluster_1
663.0,-508.0,1,cluster_1
751.0,-655.0,1,cluster_1
465.0,-455.0,1,cluster_1
666.0,-477.0,1,cluster_1
567.0,-668.0,1,cluster_1
748.0,-307.0,1,cluster_1
721.0,-407.0,1,cluster_1
707.0,-335.0,1,cluster_1
735.0,-426.0,1,cluster_1
766.0,-414.0,1,cluster_1
563.0,-381.0,1,cluster_1
608.0,-304.0,1,cluster_1
571.0,-646.0,1,cluster_1
809.0,-425.0,1,cluster_1
687.0,-663.0,1,cluster_1
673.0,-681.0,1,cluster_1
634.0,-399.0,1,cluster_1
637.0,-523.0,1,cluster_1
650.0,-537.0,1,cluster_1
726.0,-414.0,1,cluster_1
805.0,-422.0,1,cluster_1
774.0,-544.0,1,cluster_1
616.0,-503.0,1,cluster_1
460.0,-385.0,1,cluster_1
736.0,-344.0,1,cluster_1
389.0,-744.0,1,cluster_1
660.0,-382.0,1,cluster_1
744.0,-640.0,1,cluster_1
459.0,-417.0,1,cluster_1
768.0,-736.0,1,cluster_1
814.0,-375.0,1,cluster_1
783.0,-431.0,1,cluster_1
770.0,-644.0,1,cluster_1
684.0,-454.0,1,cluster_1
561.0,-506.0,1,cluster_1
728.0,-325.0,1,cluster_1
624.0,-571.0,1,cluster_1
791.0,-701.0,1,cluster_1
587.0,-607.0,1,cluster_1
796.0,-389.0,1,cluster_1
718.0,-804.0,1,cluster_1
743.0,-488.0,1,cluster_1
745.0,-368.0,1,cluster_1
711.0,-394.0,1,cluster_1
728.0,-395.0,1,cluster_1
679.0,-529.0,1,cluster_1
728.0,-469.0,1,cluster_1
819.0,-475.0,1,cluster_1
667.0,-410.0,1,cluster_1
805.0,-414.0,1,cluster_1
731.0,-410.0,1,cluster_1
732.0,-441.0,1,cluster_1
775.0,-505.0,1,cluster_1
533.0,-582.0,1,cluster_1
668.0,-454.0,1,cluster_1
743.0,-532.0,1,cluster_1
578.0,-515.0,1,cluster_1
829.0,-746.0,1,cluster_1
462.0,-573.0,1,cluster_1
790.0,-620.0,1,cluster_1
756.0,-492.0,1,cluster_1
780.0,-818.0,1,cluster_1
760.0,-635.0,1,cluster_1
771.0,-455.0,1,cluster_1
791.0,-753.0,1,cluster_1
721.0,-412.0,1,cluster_1
687.0,-397.0,1,cluster_1
816.0,-714.0,1,cluster_1
680.0,-350.0,1,cluster_1
576.0,-455.0,1,cluster_1
746.0,-408.0,1,cluster_1
795.0,-668.0,1,cluster_1
765.0,-388.0,1,cluster_1
654.0,-408.0,1,cluster_1
827.0,-406.0,1,cluster_1
578.0,-602.0,1,cluster_1
774.0,-383.0,1,cluster_1
561.0,-491.0,1,cluster_1
807.0,-717.0,1,cluster_1
684.0,-396.0,1,cluster_1
596.0,-544.0,1,cluster_1
771.0,-378.0,1,cluster_1
708.0,-410.0,1,cluster_1
637.0,-571.0,1,cluster_1
733.0,-648.0,1,cluster_1
584.0,-572.0,1,cluster_1
750.0,-395.0,1,cluster_1
727.0,-661.0,1,cluster_1
703.0,-607.0,1,cluster_1
778.0,-415.0,1,cluster_1
463.0,-422.0,1,cluster_1
677.0,-697.0,1,cluster_1
786.0,-483.0,1,cluster_1
644.0,-673.0,1,cluster_1
607.0,-432.0,1,cluster_1
688.0,-432.0,1,cluster_1
822.0,-389.0,1,cluster_1
621.0,-464.0,1,cluster_1
636.0,-536.0,1,cluster_1
817.0,-459.0,1,cluster_1
824.0,-433.0,1,cluster_1
788.0,-384.0,1,cluster_1
741.0,-555.0,1,cluster_1
669.0,-338.0,1,cluster_1
662.0,-392.0,1,cluster_1
595.0,-449.0,1,cluster_1
751.0,-404.0,1,cluster_1
772.0,-851.0,1,cluster_1
702.0,-402.0,1,cluster_1
580.0,-542.0,1,cluster_1
883.0,-423.0,1,cluster_1
855.0,-644.0,1,cluster_1
758.0,-732.0,1,cluster_1
643.0,-461.0,1,cluster_1
778.0,-834.0,1,cluster_1
459.0,-416.0,1,cluster_1
864.0,-424.0,1,cluster_1
764.0,-541.0,1,cluster_1
875.0,-426.0,1,cluster_1
540.0,-284.0,1,cluster_1
810.0,-407.0,1,cluster_1
718.0,-749.0,1,cluster_1
706.0,-390.0,1,cluster_1
759.0,-397.0,1,cluster_1
609.0,-508.0,1,cluster_1
606.0,-438.0,1,cluster_1
766.0,-504.0,1,cluster_1
737.0,-771.0,1,cluster_1
663.0,-538.0,1,cluster_1
715.0,-340.0,1,cluster_1
616.0,-341.0,1,cluster_1
834.0,-428.0,1,cluster_1
646.0,-480.0,1,cluster_1
783.0,-513.0,1,cluster_1
706.0,-627.0,1,cluster_1
704.0,-731.0,1,cluster_1
637.0,-604.0,1,cluster_1
752.0,-454.0,1,cluster_1
616.0,-541.0,1,cluster_1
645.0,-329.0,1,cluster_1
726.0,-558.0,1,cluster_1
526.0,-464.0,1,cluster_1
652.0,-612.0,1,cluster_1
700.0,-372.0,1,cluster_1
584.0,-501.0,1,cluster_1
761.0,-499.0,1,cluster_1
499.0,-589.0,1,cluster_1
638.0,-539.0,1,cluster_1
678.0,-395.0,1,cluster_1
593.0,-622.0,1,cluster_1
709.0,-399.0,1,cluster_1
696.0,-294.0,1,cluster_1
660.0,-361.0,1,cluster_1
753.0,-409.0,1,cluster_1
732.0,-767.0,1,cluster_1
740.0,-460.0,1,cluster_1
565.0,-388.0,1,cluster_1
591.0,-589.0,1,cluster_1
714.0,-411.0,1,cluster_1
676.0,-395.0,1,cluster_1
646.0,-610.0,1,cluster_1
653.0,-426.0,1,cluster_1
613.0,-362.0,1,cluster_1
825.0,-589.0,1,cluster_1
592.0,-588.0,1,cluster_1
553.0,-351.0,1,cluster_1
608.0,-558.0,1,cluster_1
622.0,-600.0,1,cluster_1
429.0,-340.0,1,cluster_1
703.0,-405.0,1,cluster_1
794.0,-403.0,1,cluster_1
769.0,-534.0,1,cluster_1
687.0,-380.0,1,cluster_1
792.0,-435.0,1,cluster_1
781.0,-794.0,1,cluster_1
457.0,-262.0,1,cluster_1
735.0,-783.0,1,cluster_1
678.0,-706.0,1,cluster_1
637.0,-419.0,1,cluster_1
627.0,-493.0,1,cluster_1
755.0,-403.0,1,cluster_1
622.0,-325.0,1,cluster_1
729.0,-576.0,1,cluster_1
631.0,-434.0,1,cluster_1
670.0,-552.0,1,cluster_1
746.0,-715.0,1,cluster_1
582.0,-552.0,1,cluster_1
714.0,-412.0,1,cluster_1
769.0,-451.0,1,cluster_1
711.0,-877.0,1,cluster_1
609.0,-769.0,1,cluster_1
769.0,-794.0,1,cluster_1
777.0,-798.0,1,cluster_1
815.0,-382.0,1,cluster_1
761.0,-791.0,1,cluster_1
601.0,-734.0,1,cluster_1
755.0,-631.0,1,cluster_1
669.0,-623.0,1,cluster_1
714.0,-643.0,1,cluster_1
536.0,-656.0,1,cluster_1
849.0,-551.0,1,cluster_1
854.0,-741.0,1,cluster_1
794.0,-772.0,1,cluster_1
759.0,-479.0,1,cluster_1
843.0,-464.0,1,cluster_1
773.0,-717.0,1,cluster_1
673.0,-741.0,1,cluster_1
657.0,-433.0,1,cluster_1
724.0,-516.0,1,cluster_1
726.0,-691.0,1,cluster_1
782.0,-740.0,1,cluster_1
575.0,-704.0,1,cluster_1
627.0,-590.0,1,cluster_1
606.0,-719.0,1,cluster_1
583.0,-569.0,1,cluster_1
710.0,-685.0,1,cluster_1
643.0,-668.0,1,cluster_1
643.0,-597.0,1,cluster_1
714.0,-796.0,1,cluster_1
683.0,-755.0,1,cluster_1
773.0,-607.0,1,cluster_1
677.0,-715.0,1,cluster_1
729.0,-679.0,1,cluster_1
715.0,-762.0,1,cluster_1
709.0,-658.0,1,cluster_1
670.0,-732.0,1,cluster_1
716.0,-630.0,1,cluster_1
700.0,-562.0,1,cluster_1
729.0,-701.0,1,cluster_1
549.0,-624.0,1,cluster_1
669.0,-705.0,1,cluster_1
895.0,-797.0,1,cluster_1
755.0,-676.0,1,cluster_1
718.0,-518.0,1,cluster_1
673.0,-714.0,1,cluster_1
815.0,-716.0,1,cluster_1
666.0,-814.0,1,cluster_1
734.0,-638.0,1,cluster_1
761.0,-582.0,1,cluster_1
703.0,-741.0,1,cluster_1
647.0,-719.0,1,cluster_1
751.0,-509.0,1,cluster_1
630.0,-564.0,1,cluster_1
756.0,-529.0,1,cluster_1
749.0,-686.0,1,cluster_1
663.0,-769.0,1,cluster_1
732.0,-429.0,1,cluster_1
461.0,-624.0,1,cluster_1
775.0,-797.0,1,cluster_1
787.0,-725.0,1,cluster_1
640.0,-568.0,1,cluster_1
812.0,-758.0,1,cluster_1
686.0,-692.0,1,cluster_1
687.0,-746.0,1,cluster_1
779.0,-713.0,1,cluster_1
619.0,-623.0,1,cluster_1
728.0,-515.0,1,cluster_1
756.0,-442.0,1,cluster_1
664.0,-643.0,1,cluster_1
767.0,-705.0,1,cluster_1
779.0,-708.0,1,cluster_1
865.0,-802.0,1,cluster_1
666.0,-626.0,1,cluster_1
684.0,-420.0,1,cluster_1
596.0,-535.0,1,cluster_1
744.0,-649.0,1,cluster_1
710.0,-727.0,1,cluster_1
771.0,-509.0,1,cluster_1
730.0,-710.0,1,cluster_1
505.0,-552.0,1,cluster_1
723.0,-692.0,1,cluster_1
609.0,-671.0,1,cluster_1
819.0,-802.0,1,cluster_1
670.0,-344.0,1,cluster_1
783.0,-685.0,1,cluster_1
655.0,-693.0,1,cluster_1
819.0,-784.0,1,cluster_1
833.0,-494.0,1,cluster_1
680.0,-509.0,1,cluster_1
580.0,-414.0,1,cluster_1
744.0,-791.0,1,cluster_1
574.0,-698.0,1,cluster_1
743.0,-662.0,1,cluster_1
824.0,-622.0,1,cluster_1
716.0,-633.0,1,cluster_1
686.0,-567.0,1,cluster_1
699.0,-689.0,1,cluster_1
746.0,-639.0,1,cluster_1
740.0,-744.0,1,cluster_1
767.0,-692.0,1,cluster_1
745.0,-676.0,1,cluster_1
767.0,-576.0,1,cluster_1
576.0,-733.0,1,cluster_1
680.0,-613.0,1,cluster_1
661.0,-681.0,1,cluster_1
747.0,-601.0,1,cluster_1
547.0,-547.0,1,cluster_1
746.0,-649.0,1,cluster_1
645.0,-759.0,1,cluster_1
587.0,-275.0,1,cluster_1
711.0,-710.0,1,cluster_1
828.0,-796.0,1,cluster_1
714.0,-702.0,1,cluster_1
686.0,-568.0,1,cluster_1
743.0,-765.0,1,cluster_1
809.0,-693.0,1,cluster_1
685.0,-682.0,1,cluster_1
835.0,-819.0,1,cluster_1
759.0,-665.0,1,cluster_1
662.0,-632.0,1,cluster_1
669.0,-742.0,1,cluster_1
622.0,-736.0,1,cluster_1
687.0,-678.0,1,cluster_1
770.0,-650.0,1,cluster_1
727.0,-738.0,1,cluster_1
448.0,-576.0,1,cluster_1
676.0,-394.0,1,cluster_1
661.0,-546.0,1,cluster_1
704.0,-726.0,1,cluster_1
686.0,-746.0,1,cluster_1
745.0,-723.0,1,cluster_1
681.0,-759.0,1,cluster_1
786.0,-663.0,1,cluster_1
676.0,-424.0,1,cluster_1
753.0,-746.0,1,cluster_1
659.0,-691.0,1,cluster_1
664.0,-366.0,1,cluster_1
733.0,-652.0,1,cluster_1
754.0,-603.0,1,cluster_1
777.0,-591.0,1,cluster_1
527.0,-501.0,1,cluster_1
682.0,-790.0,1,cluster_1
776.0,-730.0,1,cluster_1
656.0,-536.0,1,cluster_1
647.0,-308.0,1,cluster_1
694.0,-766.0,1,cluster_1
738.0,-648.0,1,cluster_1
595.0,-677.0,1,cluster_1
704.0,-314.0,1,cluster_1
719.0,-653.0,1,cluster_1
727.0,-667.0,1,cluster_1
798.0,-797.0,1,cluster_1
762.0,-698.0,1,cluster_1
774.0,-704.0,1,cluster_1
718.0,-727.0,1,cluster_1
618.0,-591.0,1,cluster_1
803.0,-463.0,1,cluster_1
697.0,-708.0,1,cluster_1
697.0,-744.0,1,cluster_1
435.0,-379.0,1,cluster_1
632.0,-483.0,1,cluster_1
860.0,-471.0,1,cluster_1
789.0,-324.0,1,cluster_1
510.0,-417.0,1,cluster_1
685.0,-546.0,1,cluster_1
668.0,-429.0,1,cluster_1
821.0,-420.0,1,cluster_1
524.0,-373.0,1,cluster_1
702.0,-432.0,1,cluster_1
775.0,-783.0,1,cluster_1
609.0,-591.0,1,cluster_1
648.0,-560.0,1,cluster_1
810.0,-455.0,1,cluster_1
858.0,-587.0,1,cluster_1
611.0,-302.0,1,cluster_1
644.0,-442.0,1,cluster_1
731.0,-740.0,1,cluster_1
694.0,-487.0,1,cluster_1
600.0,-307.0,1,cluster_1
636.0,-568.0,1,cluster_1
742.0,-449.0,1,cluster_1
750.0,-467.0,1,cluster_1
782.0,-752.0,1,cluster_1
608.0,-844.0,1,cluster_1
726.0,-450.0,1,cluster_1
654.0,-429.0,1,cluster_1
733.0,-585.0,1,cluster_1
565.0,-311.0,1,cluster_1
620.0,-298.0,1,cluster_1
734.0,-742.0,1,cluster_1
828.0,-734.0,1,cluster_1
647.0,-821.0,1,cluster_1
518.0,-383.0,1,cluster_1
542.0,-473.0,1,cluster_1
724.0,-470.0,1,cluster_1
563.0,-605.0,1,cluster_1
498.0,-448.0,1,cluster_1
824.0,-595.0,1,cluster_1
653.0,-695.0,1,cluster_1
754.0,-488.0,1,cluster_1
662.0,-310.0,1,cluster_1
658.0,-269.0,1,cluster_1
691.0,-711.0,1,cluster_1
766.0,-361.0,1,cluster_1
601.0,-515.0,1,cluster_1
743.0,-532.0,1,cluster_1
367.0,-538.0,1,cluster_1
743.0,-609.0,1,cluster_1
672.0,-364.0,1,cluster_1
309.0,-447.0,1,cluster_1
477.0,-382.0,1,cluster_1
629.0,-318.0,1,cluster_1
799.0,-753.0,1,cluster_1
522.0,-438.0,1,cluster_1
674.0,-576.0,1,cluster_1
715.0,-603.0,1,cluster_1
742.0,-403.0,1,cluster_1
732.0,-501.0,1,cluster_1
700.0,-469.0,1,cluster_1
441.0,-529.0,1,cluster_1
550.0,-366.0,1,cluster_1
679.0,-385.0,1,cluster_1
679.0,-438.0,1,cluster_1
630.0,-276.0,1,cluster_1
347.0,-440.0,1,cluster_1
709.0,-416.0,1,cluster_1
702.0,-676.0,1,cluster_1
734.0,-562.0,1,cluster_1
618.0,-438.0,1,cluster_1
757.0,-514.0,1,cluster_1
568.0,-435.0,1,cluster_1
642.0,-437.0,1,cluster_1
314.0,-410.0,1,cluster_1
714.0,-380.0,1,cluster_1
687.0,-642.0,1,cluster_1
593.0,-466.0,1,cluster_1
647.0,-585.0,1,cluster_1
660.0,-657.0,1,cluster_1
730.0,-438.0,1,cluster_1
500.0,-265.0,1,cluster_1
670.0,-266.0,1,cluster_1
777.0,-857.0,1,cluster_1
365.0,-357.0,1,cluster_1
684.0,-679.0,1,cluster_1
663.0,-632.0,1,cluster_1
747.0,-401.0,1,cluster_1
670.0,-271.0,1,cluster_1
699.0,-262.0,1,cluster_1
455.0,-364.0,1,cluster_1
604.0,-352.0,1,cluster_1
790.0,-271.0,1,cluster_1
705.0,-486.0,1,cluster_1
828.0,-417.0,1,cluster_1
688.0,-518.0,1,cluster_1
671.0,-568.0,1,cluster_1
630.0,-754.0,1,cluster_1
680.0,-571.0,1,cluster_1
795.0,-358.0,1,cluster_1
595.0,-496.0,1,cluster_1
661.0,-422.0,1,cluster_1
627.0,-351.0,1,cluster_1
580.0,-337.0,1,cluster_1
759.0,-429.0,1,cluster_1
771.0,-442.0,1,cluster_1
634.0,-711.0,1,cluster_1
497.0,-756.0,1,cluster_1
497.0,-426.0,1,cluster_1
610.0,-572.0,1,cluster_1
864.0,-374.0,1,cluster_1
783.0,-592.0,1,cluster_1
687.0,-290.0,1,cluster_1
681.0,-369.0,1,cluster_1
648.0,-472.0,1,cluster_1
718.0,-518.0,1,cluster_1
718.0,-579.0,1,cluster_1
761.0,-361.0,1,cluster_1
553.0,-333.0,1,cluster_1
794.0,-718.0,1,cluster_1
785.0,-530.0,1,cluster_1
613.0,-416.0,1,cluster_1
598.0,-722.0,1,cluster_1
703.0,-461.0,1,cluster_1
762.0,-377.0,1,cluster_1
812.0,-365.0,1,cluster_1
755.0,-373.0,1,cluster_1
500.0,-397.0,1,cluster_1
694.0,-719.0,1,cluster_1
845.0,-387.0,1,cluster_1
724.0,-343.0,1,cluster_1
741.0,-617.0,1,cluster_1
633.0,-503.0,1,cluster_1
682.0,-406.0,1,cluster_1
763.0,-409.0,1,cluster_1
767.0,-397.0,1,cluster_1
727.0,-482.0,1,cluster_1
693.0,-402.0,1,cluster_1
657.0,-252.0,1,cluster_1
661.0,-326.0,1,cluster_1
707.0,-428.0,1,cluster_1
607.0,-280.0,1,cluster_1
755.0,-567.0,1,cluster_1
652.0,-393.0,1,cluster_1
683.0,-749.0,1,cluster_1
657.0,-415.0,1,cluster_1
690.0,-567.0,1,cluster_1
611.0,-553.0,1,cluster_1
630.0,-358.0,1,cluster_1
579.0,-399.0,1,cluster_1
712.0,-544.0,1,cluster_1
583.0,-524.0,1,cluster_1
630.0,-491.0,1,cluster_1
629.0,-544.0,1,cluster_1
654.0,-400.0,1,cluster_1
701.0,-627.0,1,cluster_1
706.0,-504.0,1,cluster_1
728.0,-610.0,1,cluster_1
589.0,-592.0,1,cluster_1
552.0,-389.0,1,cluster_1
646.0,-689.0,1,cluster_1
785.0,-350.0,1,cluster_1
675.0,-503.0,1,cluster_1
683.0,-651.0,1,cluster_1
670.0,-500.0,1,cluster_1
646.0,-420.0,1,cluster_1
862.0,-542.0,1,cluster_1
314.0,-276.0,1,cluster_1
661.0,-512.0,1,cluster_1
740.0,-490.0,1,cluster_1
733.0,-595.0,1,cluster_1
713.0,-355.0,1,cluster_1
644.0,-544.0,1,cluster_1
853.0,-370.0,1,cluster_1
874.0,-329.0,1,cluster_1
751.0,-424.0,1,cluster_1
757.0,-385.0,1,cluster_1
744.0,-558.0,1,cluster_1
731.0,-424.0,1,cluster_1
724.0,-432.0,1,cluster_1
721.0,-734.0,1,cluster_1
719.0,-430.0,1,cluster_1
755.0,-465.0,1,cluster_1
521.0,-481.0,1,cluster_1
556.0,-728.0,1,cluster_1
655.0,-456.0,1,cluster_1
744.0,-420.0,1,cluster_1
660.0,-469.0,1,cluster_1
801.0,-490.0,1,cluster_1
562.0,-530.0,1,cluster_1
724.0,-390.0,1,cluster_1
583.0,-361.0,1,cluster_1
743.0,-395.0,1,cluster_1
623.0,-409.0,1,cluster_1
673.0,-385.0,1,cluster_1
698.0,-331.0,1,cluster_1
713.0,-386.0,1,cluster_1
768.0,-399.0,1,cluster_1
867.0,-393.0,1,cluster_1
799.0,-760.0,1,cluster_1
783.0,-404.0,1,cluster_1
892.0,-433.0,1,cluster_1
518.0,-847.0,1,cluster_1
744.0,-613.0,1,cluster_1
504.0,-415.0,1,cluster_1
504.0,-560.0,1,cluster_1
710.0,-545.0,1,cluster_1
634.0,-330.0,1,cluster_1
698.0,-385.0,1,cluster_1
749.0,-466.0,1,cluster_1
688.0,-596.0,1,cluster_1
555.0,-845.0,1,cluster_1
802.0,-700.0,1,cluster_1
727.0,-374.0,1,cluster_1
697.0,-690.0,1,cluster_1
755.0,-717.0,1,cluster_1
728.0,-402.0,1,cluster_1
714.0,-330.0,1,cluster_1
686.0,-372.0,1,cluster_1
707.0,-600.0,1,cluster_1
740.0,-304.0,1,cluster_1
733.0,-413.0,1,cluster_1
720.0,-380.0,1,cluster_1
761.0,-608.0,1,cluster_1
769.0,-419.0,1,cluster_1
801.0,-389.0,1,cluster_1
757.0,-576.0,1,cluster_1
661.0,-338.0,1,cluster_1
676.0,-722.0,1,cluster_1
717.0,-643.0,1,cluster_1
756.0,-365.0,1,cluster_1
742.0,-384.0,1,cluster_1
823.0,-798.0,1,cluster_1
635.0,-486.0,1,cluster_1
787.0,-571.0,1,cluster_1
629.0,-301.0,1,cluster_1
644.0,-582.0,1,cluster_1
774.0,-468.0,1,cluster_1
811.0,-393.0,1,cluster_1
727.0,-395.0,1,cluster_1
725.0,-721.0,1,cluster_1
777.0,-400.0,1,cluster_1
736.0,-415.0,1,cluster_1
754.0,-753.0,1,cluster_1
814.0,-779.0,1,cluster_1
650.0,-351.0,1,cluster_1
653.0,-642.0,1,cluster_1
804.0,-605.0,1,cluster_1
464.0,-406.0,1,cluster_1
704.0,-551.0,1,cluster_1
812.0,-454.0,1,cluster_1
697.0,-419.0,1,cluster_1
610.0,-433.0,1,cluster_1
756.0,-367.0,1,cluster_1
444.0,-567.0,1,cluster_1
601.0,-365.0,1,cluster_1
715.0,-573.0,1,cluster_1
722.0,-428.0,1,cluster_1
732.0,-608.0,1,cluster_1
849.0,-633.0,1,cluster_1
765.0,-394.0,1,cluster_1
672.0,-563.0,1,cluster_1
693.0,-561.0,1,cluster_1
663.0,-350.0,1,cluster_1
791.0,-605.0,1,cluster_1
737.0,-590.0,1,cluster_1
495.0,-366.0,1,cluster_1
751.0,-406.0,1,cluster_1
536.0,-547.0,1,cluster_1
670.0,-735.0,1,cluster_1
628.0,-574.0,1,cluster_1
717.0,-753.0,1,cluster_1
618.0,-543.0,1,cluster_1
659.0,-364.0,1,cluster_1
651.0,-378.0,1,cluster_1
916.0,-349.0,1,cluster_1
595.0,-457.0,1,cluster_1
642.0,-409.0,1,cluster_1
602.0,-380.0,1,cluster_1
709.0,-474.0,1,cluster_1
735.0,-424.0,1,cluster_1
650.0,-430.0,1,cluster_1
523.0,-631.0,1,cluster_1
779.0,-511.0,1,cluster_1
678.0,-724.0,1,cluster_1
861.0,-459.0,1,cluster_1
806.0,-591.0,1,cluster_1
749.0,-615.0,1,cluster_1
614.0,-626.0,1,cluster_1
612.0,-691.0,1,cluster_1
760.0,-707.0,1,cluster_1
810.0,-407.0,1,cluster_1
675.0,-586.0,1,cluster_1
719.0,-722.0,1,cluster_1
778.0,-689.0,1,cluster_1
626.0,-669.0,1,cluster_1
724.0,-676.0,1,cluster_1
824.0,-412.0,1,cluster_1
838.0,-394.0,1,cluster_1
883.0,-417.0,1,cluster_1
800.0,-389.0,1,cluster_1
749.0,-422.0,1,cluster_1
772.0,-596.0,1,cluster_1
729.0,-685.0,1,cluster_1
709.0,-737.0,1,cluster_1
794.0,-727.0,1,cluster_1
767.0,-587.0,1,cluster_1
745.0,-503.0,1,cluster_1
754.0,-505.0,1,cluster_1
486.0,-507.0,1,cluster_1
593.0,-438.0,1,cluster_1
777.0,-417.0,1,cluster_1
759.0,-452.0,1,cluster_1
494.0,-449.0,1,cluster_1
564.0,-361.0,1,cluster_1
764.0,-615.0,1,cluster_1
849.0,-401.0,1,cluster_1
761.0,-485.0,1,cluster_1
758.0,-662.0,1,cluster_1
767.0,-611.0,1,cluster_1
437.0,-505.0,1,cluster_1
795.0,-597.0,1,cluster_1
787.0,-402.0,1,cluster_1
798.0,-399.0,1,cluster_1
740.0,-424.0,1,cluster_1
701.0,-403.0,1,cluster_1
693.0,-685.0,1,cluster_1
808.0,-598.0,1,cluster_1
728.0,-678.0,1,cluster_1
714.0,-440.0,1,cluster_1
783.0,-428.0,1,cluster_1
773.0,-456.0,1,cluster_1
767.0,-411.0,1,cluster_1
639.0,-710.0,1,cluster_1
777.0,-385.0,1,cluster_1
698.0,-397.0,1,cluster_1
825.0,-708.0,1,cluster_1
783.0,-431.0,1,cluster_1
751.0,-403.0,1,cluster_1
762.0,-657.0,1,cluster_1
813.0,-430.0,1,cluster_1
772.0,-676.0,1,cluster_1
699.0,-391.0,1,cluster_1
699.0,-542.0,1,cluster_1
766.0,-836.0,1,cluster_1
827.0,-782.0,1,cluster_1
786.0,-423.0,1,cluster_1
841.0,-776.0,1,cluster_1
768.0,-505.0,1,cluster_1
737.0,-709.0,1,cluster_1
783.0,-405.0,1,cluster_1
724.0,-609.0,1,cluster_1
704.0,-516.0,1,cluster_1
710.0,-619.0,1,cluster_1
774.0,-417.0,1,cluster_1
708.0,-399.0,1,cluster_1
839.0,-780.0,1,cluster_1
894.0,-381.0,1,cluster_1
690.0,-385.0,1,cluster_1
733.0,-534.0,1,cluster_1
643.0,-478.0,1,cluster_1
779.0,-380.0,1,cluster_1
830.0,-778.0,1,cluster_1
571.0,-667.0,1,cluster_1
737.0,-431.0,1,cluster_1
765.0,-437.0,1,cluster_1
556.0,-891.0,1,cluster_1
539.0,-409.0,1,cluster_1
825.0,-466.0,1,cluster_1
566.0,-512.0,1,cluster_1
757.0,-409.0,1,cluster_1
805.0,-370.0,1,cluster_1
682.0,-411.0,1,cluster_1
526.0,-508.0,1,cluster_1
539.0,-414.0,1,cluster_1
868.0,-422.0,1,cluster_1
616.0,-499.0,1,cluster_1
792.0,-500.0,1,cluster_1
575.0,-509.0,1,cluster_1
565.0,-462.0,1,cluster_1
711.0,-665.0,1,cluster_1
757.0,-416.0,1,cluster_1
836.0,-463.0,1,cluster_1
720.0,-549.0,1,cluster_1
768.0,-429.0,1,cluster_1
751.0,-405.0,1,cluster_1
822.0,-451.0,1,cluster_1
807.0,-608.0,1,cluster_1
822.0,-608.0,1,cluster_1
858.0,-422.0,1,cluster_1
751.0,-388.0,1,cluster_1
824.0,-424.0,1,cluster_1
811.0,-428.0,1,cluster_1
754.0,-467.0,1,cluster_1
793.0,-657.0,1,cluster_1
923.0,-555.0,1,cluster_1
821.0,-599.0,1,cluster_1
736.0,-459.0,1,cluster_1
760.0,-643.0,1,cluster_1
772.0,-432.0,1,cluster_1
795.0,-376.0,1,cluster_1
738.0,-382.0,1,cluster_1
728.0,-582.0,1,cluster_1
689.0,-417.0,1,cluster_1
780.0,-399.0,1,cluster_1
787.0,-552.0,1,cluster_1
787.0,-422.0,1,cluster_1
703.0,-427.0,1,cluster_1
735.0,-408.0,1,cluster_1
790.0,-406.0,1,cluster_1
758.0,-409.0,1,cluster_1
739.0,-416.0,1,cluster_1
754.0,-416.0,1,cluster_1
665.0,-509.0,1,cluster_1
547.0,-400.0,1,cluster_1
549.0,-422.0,1,cluster_1
672.0,-392.0,1,cluster_1
707.0,-636.0,1,cluster_1
777.0,-576.0,1,cluster_1
766.0,-744.0,1,cluster_1
782.0,-433.0,1,cluster_1
782.0,-425.0,1,cluster_1
844.0,-412.0,1,cluster_1
848.0,-442.0,1,cluster_1
801.0,-423.0,1,cluster_1
845.0,-488.0,1,cluster_1
604.0,-649.0,1,cluster_1
795.0,-449.0,1,cluster_1
617.0,-532.0,1,cluster_1
788.0,-665.0,1,cluster_1
732.0,-497.0,1,cluster_1
653.0,-422.0,1,cluster_1
720.0,-722.0,1,cluster_1
756.0,-424.0,1,cluster_1
662.0,-462.0,1,cluster_1
670.0,-584.0,1,cluster_1
640.0,-505.0,1,cluster_1
783.0,-407.0,1,cluster_1
745.0,-411.0,1,cluster_1
785.0,-412.0,1,cluster_1
735.0,-417.0,1,cluster_1
686.0,-507.0,1,cluster_1
765.0,-415.0,1,cluster_1
857.0,-455.0,1,cluster_1
714.0,-575.0,1,cluster_1
568.0,-585.0,1,cluster_1
843.0,-710.0,1,cluster_1
843.0,-740.0,1,cluster_1
642.0,-779.0,1,cluster_1
645.0,-694.0,1,cluster_1
684.0,-687.0,1,cluster_1
728.0,-724.0,1,cluster_1
646.0,-692.0,1,cluster_1
616.0,-529.0,1,cluster_1
606.0,-674.0,1,cluster_1
761.0,-819.0,1,cluster_1
762.0,-718.0,1,cluster_1
652.0,-546.0,1,cluster_1
673.0,-490.0,1,cluster_1
643.0,-736.0,1,cluster_1
682.0,-595.0,1,cluster_1
652.0,-752.0,1,cluster_1
624.0,-337.0,1,cluster_1
703.0,-676.0,1,cluster_1
741.0,-687.0,1,cluster_1
794.0,-741.0,1,cluster_1
619.0,-681.0,1,cluster_1
762.0,-653.0,1,cluster_1
400.0,-325.0,1,cluster_1
712.0,-645.0,1,cluster_1
649.0,-608.0,1,cluster_1
652.0,-673.0,1,cluster_1
674.0,-415.0,1,cluster_1
754.0,-467.0,1,cluster_1
686.0,-741.0,1,cluster_1
657.0,-724.0,1,cluster_1
783.0,-563.0,1,cluster_1
634.0,-619.0,1,cluster_1
625.0,-616.0,1,cluster_1
780.0,-728.0,1,cluster_1
659.0,-539.0,1,cluster_1
618.0,-474.0,1,cluster_1
618.0,-557.0,1,cluster_1
682.0,-806.0,1,cluster_1
760.0,-633.0,1,cluster_1
790.0,-779.0,1,cluster_1
697.0,-849.0,1,cluster_1
661.0,-660.0,1,cluster_1
649.0,-620.0,1,cluster_1
761.0,-660.0,1,cluster_1
648.0,-734.0,1,cluster_1
658.0,-576.0,1,cluster_1
674.0,-722.0,1,cluster_1
747.0,-655.0,1,cluster_1
770.0,-669.0,1,cluster_1
711.0,-758.0,1,cluster_1
748.0,-703.0,1,cluster_1
714.0,-627.0,1,cluster_1
595.0,-575.0,1,cluster_1
695.0,-756.0,1,cluster_1
599.0,-641.0,1,cluster_1
649.0,-765.0,1,cluster_1
767.0,-696.0,1,cluster_1
779.0,-491.0,1,cluster_1
749.0,-788.0,1,cluster_1
559.0,-370.0,1,cluster_1
632.0,-680.0,1,cluster_1
562.0,-681.0,1,cluster_1
756.0,-749.0,1,cluster_1
842.0,-293.0,1,cluster_1
797.0,-714.0,1,cluster_1
795.0,-687.0,1,cluster_1
756.0,-684.0,1,cluster_1
741.0,-530.0,1,cluster_1
772.0,-712.0,1,cluster_1
669.0,-681.0,1,cluster_1
805.0,-717.0,1,cluster_1
714.0,-606.0,1,cluster_1
768.0,-820.0,1,cluster_1
784.0,-477.0,1,cluster_1
664.0,-455.0,1,cluster_1
675.0,-706.0,1,cluster_1
687.0,-690.0,1,cluster_1
671.0,-644.0,1,cluster_1
837.0,-348.0,1,cluster_1
764.0,-408.0,1,cluster_1
632.0,-664.0,1,cluster_1
624.0,-712.0,1,cluster_1
708.0,-589.0,1,cluster_1
734.0,-722.0,1,cluster_1
303.0,-438.0,1,cluster_1
663.0,-618.0,1,cluster_1
749.0,-679.0,1,cluster_1
692.0,-645.0,1,cluster_1
755.0,-410.0,1,cluster_1
618.0,-482.0,1,cluster_1
497.0,-535.0,1,cluster_1
774.0,-508.0,1,cluster_1
671.0,-617.0,1,cluster_1
840.0,-413.0,1,cluster_1
758.0,-438.0,1,cluster_1
754.0,-419.0,1,cluster_1
758.0,-698.0,1,cluster_1
760.0,-431.0,1,cluster_1
725.0,-544.0,1,cluster_1
745.0,-701.0,1,cluster_1
675.0,-432.0,1,cluster_1
664.0,-623.0,1,cluster_1
764.0,-372.0,1,cluster_1
698.0,-416.0,1,cluster_1
702.0,-374.0,1,cluster_1
484.0,-399.0,1,cluster_1
614.0,-455.0,1,cluster_1
685.0,-525.0,1,cluster_1
576.0,-584.0,1,cluster_1
751.0,-461.0,1,cluster_1
933.0,-424.0,1,cluster_1
529.0,-449.0,1,cluster_1
778.0,-401.0,1,cluster_1
636.0,-754.0,1,cluster_1
752.0,-778.0,1,cluster_1
726.0,-626.0,1,cluster_1
814.0,-685.0,1,cluster_1
633.0,-631.0,1,cluster_1
642.0,-730.0,1,cluster_1
556.0,-393.0,1,cluster_1
522.0,-544.0,1,cluster_1
693.0,-645.0,1,cluster_1
750.0,-511.0,1,cluster_1
552.0,-523.0,1,cluster_1
754.0,-673.0,1,cluster_1
806.0,-698.0,1,cluster_1
707.0,-393.0,1,cluster_1
616.0,-572.0,1,cluster_1
727.0,-491.0,1,cluster_1
702.0,-702.0,1,cluster_1
711.0,-513.0,1,cluster_1
714.0,-451.0,1,cluster_1
706.0,-576.0,1,cluster_1
675.0,-528.0,1,cluster_1
738.0,-696.0,1,cluster_1
455.0,-501.0,1,cluster_1
501.0,-525.0,1,cluster_1
562.0,-495.0,1,cluster_1
583.0,-503.0,1,cluster_1
810.0,-663.0,1,cluster_1
642.0,-616.0,1,cluster_1
844.0,-840.0,1,cluster_1
767.0,-513.0,1,cluster_1
772.0,-546.0,1,cluster_1
746.0,-720.0,1,cluster_1
863.0,-751.0,1,cluster_1
768.0,-615.0,1,cluster_1
678.0,-508.0,1,cluster_1
719.0,-592.0,1,cluster_1
797.0,-416.0,1,cluster_1
679.0,-693.0,1,cluster_1
704.0,-591.0,1,cluster_1
669.0,-740.0,1,cluster_1
603.0,-550.0,1,cluster_1
709.0,-524.0,1,cluster_1
428.0,-412.0,1,cluster_1
583.0,-525.0,1,cluster_1
752.0,-728.0,1,cluster_1
574.0,-490.0,1,cluster_1
677.0,-682.0,1,cluster_1
677.0,-642.0,1,cluster_1
790.0,-644.0,1,cluster_1
756.0,-417.0,1,cluster_1
937.0,-541.0,1,cluster_1
784.0,-530.0,1,cluster_1
735.0,-387.0,1,cluster_1
791.0,-511.0,1,cluster_1
698.0,-604.0,1,cluster_1
741.0,-745.0,1,cluster_1
849.0,-438.0,1,cluster_1
714.0,-403.0,1,cluster_1
750.0,-566.0,1,cluster_1
674.0,-524.0,1,cluster_1
637.0,-374.0,1,cluster_1
694.0,-687.0,1,cluster_1
771.0,-733.0,1,cluster_1
532.0,-633.0,1,cluster_1
770.0,-480.0,1,cluster_1
714.0,-771.0,1,cluster_1
823.0,-351.0,1,cluster_1
864.0,-618.0,1,cluster_1
794.0,-714.0,1,cluster_1
642.0,-433.0,1,cluster_1
720.0,-649.0,1,cluster_1
841.0,-410.0,1,cluster_1
758.0,-806.0,1,cluster_1
768.0,-547.0,1,cluster_1
660.0,-497.0,1,cluster_1
519.0,-435.0,1,cluster_1
810.0,-412.0,1,cluster_1
563.0,-490.0,1,cluster_1
747.0,-719.0,1,cluster_1
763.0,-347.0,1,cluster_1
698.0,-595.0,1,cluster_1
628.0,-677.0,1,cluster_1
509.0,-570.0,1,cluster_1
651.0,-524.0,1,cluster_1
708.0,-681.0,1,cluster_1
803.0,-798.0,1,cluster_1
723.0,-584.0,1,cluster_1
720.0,-667.0,1,cluster_1
559.0,-385.0,1,cluster_1
691.0,-438.0,1,cluster_1
782.0,-426.0,1,cluster_1
661.0,-384.0,1,cluster_1
735.0,-435.0,1,cluster_1
812.0,-441.0,1,cluster_1
633.0,-644.0,1,cluster_1
772.0,-749.0,1,cluster_1
476.0,-623.0,1,cluster_1
717.0,-368.0,1,cluster_1
777.0,-423.0,1,cluster_1
716.0,-796.0,1,cluster_1
603.0,-783.0,1,cluster_1
514.0,-582.0,1,cluster_1
782.0,-796.0,1,cluster_1
677.0,-714.0,1,cluster_1
476.0,-663.0,1,cluster_1
676.0,-549.0,1,cluster_1
767.0,-366.0,1,cluster_1
712.0,-640.0,1,cluster_1
638.0,-721.0,1,cluster_1
671.0,-552.0,1,cluster_1
766.0,-687.0,1,cluster_1
620.0,-388.0,1,cluster_1
556.0,-495.0,1,cluster_1
772.0,-448.0,1,cluster_1
852.0,-875.0,1,cluster_1
768.0,-674.0,1,cluster_1
671.0,-651.0,1,cluster_1
673.0,-681.0,1,cluster_1
648.0,-400.0,1,cluster_1
791.0,-501.0,1,cluster_1
695.0,-678.0,1,cluster_1
455.0,-566.0,1,cluster_1
347.0,-448.0,1,cluster_1
775.0,-716.0,1,cluster_1
762.0,-499.0,1,cluster_1
530.0,-529.0,1,cluster_1
749.0,-762.0,1,cluster_1
770.0,-752.0,1,cluster_1
741.0,-567.0,1,cluster_1
753.0,-760.0,1,cluster_1
743.0,-417.0,1,cluster_1
741.0,-561.0,1,cluster_1
826.0,-433.0,1,cluster_1
744.0,-771.0,1,cluster_1
721.0,-300.0,1,cluster_1
407.0,-433.0,1,cluster_1
752.0,-334.0,1,cluster_1
790.0,-672.0,1,cluster_1
738.0,-373.0,1,cluster_1
728.0,-797.0,1,cluster_1
711.0,-623.0,1,cluster_1
844.0,-456.0,1,cluster_1
748.0,-777.0,1,cluster_1
662.0,-626.0,1,cluster_1
650.0,-505.0,1,cluster_1
820.0,-426.0,1,cluster_1
837.0,-398.0,1,cluster_1
727.0,-399.0,1,cluster_1
856.0,-735.0,1,cluster_1
764.0,-622.0,1,cluster_1
577.0,-635.0,1,cluster_1
587.0,-490.0,1,cluster_1
574.0,-406.0,1,cluster_1
703.0,-494.0,1,cluster_1
602.0,-577.0,1,cluster_1
610.0,-581.0,1,cluster_1
534.0,-701.0,1,cluster_1
679.0,-877.0,1,cluster_1
695.0,-583.0,1,cluster_1
703.0,-768.0,1,cluster_1
774.0,-737.0,1,cluster_1
739.0,-688.0,1,cluster_1
763.0,-560.0,1,cluster_1
532.0,-590.0,1,cluster_1
730.0,-608.0,1,cluster_1
617.0,-373.0,1,cluster_1
734.0,-373.0,1,cluster_1
791.0,-418.0,1,cluster_1
729.0,-377.0,1,cluster_1
747.0,-340.0,1,cluster_1
750.0,-416.0,1,cluster_1
531.0,-666.0,1,cluster_1
695.0,-709.0,1,cluster_1
776.0,-721.0,1,cluster_1
674.0,-681.0,1,cluster_1
746.0,-414.0,1,cluster_1
719.0,-499.0,1,cluster_1
600.0,-682.0,1,cluster_1
746.0,-723.0,1,cluster_1
733.0,-636.0,1,cluster_1
520.0,-677.0,1,cluster_1
719.0,-524.0,1,cluster_1
675.0,-705.0,1,cluster_1
730.0,-689.0,1,cluster_1
885.0,-437.0,1,cluster_1
661.0,-505.0,1,cluster_1
640.0,-687.0,1,cluster_1
562.0,-457.0,1,cluster_1
845.0,-751.0,1,cluster_1
655.0,-632.0,1,cluster_1
765.0,-679.0,1,cluster_1
687.0,-669.0,1,cluster_1
634.0,-449.0,1,cluster_1
743.0,-363.0,1,cluster_1
608.0,-610.0,1,cluster_1
718.0,-721.0,1,cluster_1
745.0,-709.0,1,cluster_1
798.0,-622.0,1,cluster_1
803.0,-411.0,1,cluster_1
697.0,-459.0,1,cluster_1
773.0,-391.0,1,cluster_1
797.0,-743.0,1,cluster_1
793.0,-635.0,1,cluster_1
638.0,-600.0,1,cluster_1
577.0,-641.0,1,cluster_1
557.0,-534.0,1,cluster_1
597.0,-654.0,1,cluster_1
668.0,-402.0,1,cluster_1
819.0,-749.0,1,cluster_1
651.0,-529.0,1,cluster_1
700.0,-539.0,1,cluster_1
719.0,-584.0,1,cluster_1
763.0,-449.0,1,cluster_1
641.0,-418.0,1,cluster_1
610.0,-487.0,1,cluster_1
490.0,-453.0,1,cluster_1
688.0,-654.0,1,cluster_1
573.0,-695.0,1,cluster_1
756.0,-402.0,1,cluster_1
707.0,-487.0,1,cluster_1
706.0,-677.0,1,cluster_1
800.0,-419.0,1,cluster_1
761.0,-658.0,1,cluster_1
510.0,-353.0,1,cluster_1
621.0,-853.0,1,cluster_1
610.0,-581.0,1,cluster_1
730.0,-738.0,1,cluster_1
759.0,-608.0,1,cluster_1
626.0,-559.0,1,cluster_1
503.0,-423.0,1,cluster_1
589.0,-735.0,1,cluster_1
731.0,-329.0,1,cluster_1
776.0,-396.0,1,cluster_1
638.0,-511.0,1,cluster_1
753.0,-437.0,1,cluster_1
708.0,-698.0,1,cluster_1
697.0,-620.0,1,cluster_1
524.0,-304.0,1,cluster_1
621.0,-611.0,1,cluster_1
794.0,-792.0,1,cluster_1
770.0,-353.0,1,cluster_1
653.0,-500.0,1,cluster_1
788.0,-378.0,1,cluster_1
731.0,-739.0,1,cluster_1
820.0,-465.0,1,cluster_1
485.0,-287.0,1,cluster_1
596.0,-541.0,1,cluster_1
832.0,-535.0,1,cluster_1
748.0,-774.0,1,cluster_1
706.0,-594.0,1,cluster_1
576.0,-515.0,1,cluster_1
559.0,-381.0,1,cluster_1
851.0,-430.0,1,cluster_1
890.0,-652.0,1,cluster_1
633.0,-393.0,1,cluster_1
495.0,-517.0,1,cluster_1
677.0,-607.0,1,cluster_1
708.0,-582.0,1,cluster_1
855.0,-558.0,1,cluster_1
754.0,-697.0,1,cluster_1
582.0,-411.0,1,cluster_1
790.0,-743.0,1,cluster_1
777.0,-673.0,1,cluster_1
647.0,-582.0,1,cluster_1
795.0,-705.0,1,cluster_1
720.0,-411.0,1,cluster_1
610.0,-638.0,1,cluster_1
552.0,-420.0,1,cluster_1
693.0,-671.0,1,cluster_1
733.0,-380.0,1,cluster_1
778.0,-426.0,1,cluster_1
795.0,-430.0,1,cluster_1
710.0,-567.0,1,cluster_1
611.0,-521.0,1,cluster_1
787.0,-572.0,1,cluster_1
747.0,-412.0,1,cluster_1
628.0,-584.0,1,cluster_1
513.0,-526.0,1,cluster_1
702.0,-690.0,1,cluster_1
822.0,-452.0,1,cluster_1
591.0,-723.0,1,cluster_1
810.0,-620.0,1,cluster_1
612.0,-383.0,1,cluster_1
783.0,-605.0,1,cluster_1
724.0,-447.0,1,cluster_1
685.0,-334.0,1,cluster_1
712.0,-818.0,1,cluster_1
791.0,-766.0,1,cluster_1
632.0,-595.0,1,cluster_1
705.0,-470.0,1,cluster_1
654.0,-310.0,1,cluster_1
449.0,-338.0,1,cluster_1
785.0,-348.0,1,cluster_1
530.0,-486.0,1,cluster_1
612.0,-489.0,1,cluster_1
749.0,-382.0,1,cluster_1
738.0,-686.0,1,cluster_1
764.0,-712.0,1,cluster_1
716.0,-380.0,1,cluster_1
625.0,-441.0,1,cluster_1
711.0,-596.0,1,cluster_1
698.0,-700.0,1,cluster_1
758.0,-425.0,1,cluster_1
774.0,-430.0,1,cluster_1
696.0,-689.0,1,cluster_1
606.0,-420.0,1,cluster_1
682.0,-489.0,1,cluster_1
668.0,-599.0,1,cluster_1
557.0,-526.0,1,cluster_1
629.0,-560.0,1,cluster_1
793.0,-755.0,1,cluster_1
749.0,-628.0,1,cluster_1
541.0,-456.0,1,cluster_1
633.0,-490.0,1,cluster_1
593.0,-537.0,1,cluster_1
830.0,-360.0,1,cluster_1
726.0,-692.0,1,cluster_1
737.0,-695.0,1,cluster_1
576.0,-344.0,1,cluster_1
602.0,-636.0,1,cluster_1
817.0,-429.0,1,cluster_1
756.0,-820.0,1,cluster_1
621.0,-439.0,1,cluster_1
713.0,-677.0,1,cluster_1
582.0,-465.0,1,cluster_1
679.0,-331.0,1,cluster_1
848.0,-759.0,1,cluster_1
670.0,-562.0,1,cluster_1
736.0,-628.0,1,cluster_1
410.0,-599.0,1,cluster_1
595.0,-667.0,1,cluster_1
795.0,-633.0,1,cluster_1
793.0,-668.0,1,cluster_1
847.0,-365.0,1,cluster_1
635.0,-484.0,1,cluster_1
690.0,-451.0,1,cluster_1
608.0,-486.0,1,cluster_1
755.0,-421.0,1,cluster_1
586.0,-374.0,1,cluster_1
495.0,-425.0,1,cluster_1
568.0,-550.0,1,cluster_1
667.0,-635.0,1,cluster_1
674.0,-342.0,1,cluster_1
349.0,-441.0,1,cluster_1
350.0,-330.0,1,cluster_1
500.0,-636.0,1,cluster_1
613.0,-614.0,1,cluster_1
626.0,-349.0,1,cluster_1
621.0,-367.0,1,cluster_1
705.0,-361.0,1,cluster_1
844.0,-427.0,1,cluster_1
672.0,-500.0,1,cluster_1
711.0,-588.0,1,cluster_1
741.0,-683.0,1,cluster_1
753.0,-350.0,1,cluster_1
658.0,-437.0,1,cluster_1
599.0,-677.0,1,cluster_1
725.0,-627.0,1,cluster_1
799.0,-362.0,1,cluster_1
680.0,-559.0,1,cluster_1
534.0,-441.0,1,cluster_1
801.0,-746.0,1,cluster_1
730.0,-664.0,1,cluster_1
315.0,-265.0,1,cluster_1
810.0,-629.0,1,cluster_1
718.0,-702.0,1,cluster_1
735.0,-354.0,1,cluster_1
682.0,-735.0,1,cluster_1
809.0,-686.0,1,cluster_1
669.0,-328.0,1,cluster_1
725.0,-361.0,1,cluster_1
723.0,-470.0,1,cluster_1
592.0,-428.0,1,cluster_1
764.0,-582.0,1,cluster_1
602.0,-725.0,1,cluster_1
737.0,-722.0,1,cluster_1
612.0,-406.0,1,cluster_1
586.0,-706.0,1,cluster_1
678.0,-699.0,1,cluster_1
456.0,-370.0,1,cluster_1
761.0,-554.0,1,cluster_1
559.0,-740.0,1,cluster_1
604.0,-553.0,1,cluster_1
794.0,-392.0,1,cluster_1
695.0,-553.0,1,cluster_1
562.0,-548.0,1,cluster_1
659.0,-603.0,1,cluster_1
607.0,-583.0,1,cluster_1
619.0,-698.0,1,cluster_1
723.0,-561.0,1,cluster_1
832.0,-766.0,1,cluster_1
764.0,-310.0,1,cluster_1
578.0,-471.0,1,cluster_1
797.0,-420.0,1,cluster_1
734.0,-410.0,1,cluster_1
691.0,-588.0,1,cluster_1
747.0,-571.0,1,cluster_1
509.0,-349.0,1,cluster_1
437.0,-524.0,1,cluster_1
489.0,-408.0,1,cluster_1
481.0,-426.0,1,cluster_1
760.0,-585.0,1,cluster_1
681.0,-646.0,1,cluster_1
714.0,-654.0,1,cluster_1
639.0,-585.0,1,cluster_1
751.0,-379.0,1,cluster_1
658.0,-617.0,1,cluster_1
646.0,-295.0,1,cluster_1
557.0,-477.0,1,cluster_1
692.0,-605.0,1,cluster_1
666.0,-426.0,1,cluster_1
645.0,-551.0,1,cluster_1
845.0,-428.0,1,cluster_1
848.0,-430.0,1,cluster_1
674.0,-370.0,1,cluster_1
520.0,-438.0,1,cluster_1
695.0,-366.0,1,cluster_1
599.0,-583.0,1,cluster_1
493.0,-409.0,1,cluster_1
673.0,-626.0,1,cluster_1
666.0,-705.0,1,cluster_1
778.0,-416.0,1,cluster_1
756.0,-416.0,1,cluster_1
663.0,-571.0,1,cluster_1
644.0,-525.0,1,cluster_1
378.0,-351.0,1,cluster_1
554.0,-330.0,1,cluster_1
681.0,-486.0,1,cluster_1
748.0,-372.0,1,cluster_1
785.0,-481.0,1,cluster_1
500.0,-407.0,1,cluster_1
679.0,-392.0,1,cluster_1
619.0,-689.0,1,cluster_1
727.0,-719.0,1,cluster_1
808.0,-318.0,1,cluster_1
644.0,-624.0,1,cluster_1
768.0,-807.0,1,cluster_1
733.0,-678.0,1,cluster_1
735.0,-680.0,1,cluster_1
703.0,-614.0,1,cluster_1
485.0,-494.0,1,cluster_1
684.0,-624.0,1,cluster_1
675.0,-670.0,1,cluster_1
599.0,-632.0,1,cluster_1
820.0,-484.0,1,cluster_1
674.0,-330.0,1,cluster_1
614.0,-585.0,1,cluster_1
714.0,-732.0,1,cluster_1
742.0,-495.0,1,cluster_1
677.0,-527.0,1,cluster_1
756.0,-486.0,1,cluster_1
713.0,-688.0,1,cluster_1
724.0,-451.0,1,cluster_1
771.0,-688.0,1,cluster_1
767.0,-717.0,1,cluster_1
729.0,-313.0,1,cluster_1
711.0,-696.0,1,cluster_1
667.0,-667.0,1,cluster_1
626.0,-646.0,1,cluster_1
690.0,-523.0,1,cluster_1
785.0,-722.0,1,cluster_1
703.0,-589.0,1,cluster_1
736.0,-323.0,1,cluster_1
554.0,-463.0,1,cluster_1
861.0,-819.0,1,cluster_1
730.0,-805.0,1,cluster_1
613.0,-522.0,1,cluster_1
721.0,-631.0,1,cluster_1
600.0,-497.0,1,cluster_1
708.0,-641.0,1,cluster_1
613.0,-691.0,1,cluster_1
721.0,-627.0,1,cluster_1
679.0,-662.0,1,cluster_1
763.0,-531.0,1,cluster_1
754.0,-369.0,1,cluster_1
638.0,-612.0,1,cluster_1
621.0,-525.0,1,cluster_1
771.0,-758.0,1,cluster_1
719.0,-312.0,1,cluster_1
686.0,-698.0,1,cluster_1
600.0,-610.0,1,cluster_1
754.0,-358.0,1,cluster_1
631.0,-618.0,1,cluster_1
605.0,-570.0,1,cluster_1
639.0,-535.0,1,cluster_1
693.0,-576.0,1,cluster_1
748.0,-494.0,1,cluster_1
810.0,-336.0,1,cluster_1
615.0,-351.0,1,cluster_1
639.0,-749.0,1,cluster_1
894.0,-713.0,1,cluster_1
451.0,-327.0,1,cluster_1
639.0,-659.0,1,cluster_1
693.0,-749.0,1,cluster_1
601.0,-316.0,1,cluster_1
440.0,-343.0,1,cluster_1
782.0,-542.0,1,cluster_1
659.0,-535.0,1,cluster_1
775.0,-396.0,1,cluster_1
743.0,-359.0,1,cluster_1
726.0,-529.0,1,cluster_1
678.0,-711.0,1,cluster_1
646.0,-491.0,1,cluster_1
702.0,-661.0,1,cluster_1
744.0,-686.0,1,cluster_1
536.0,-627.0,1,cluster_1
676.0,-522.0,1,cluster_1
649.0,-363.0,1,cluster_1
482.0,-308.0,1,cluster_1
742.0,-804.0,1,cluster_1
644.0,-535.0,1,cluster_1
720.0,-680.0,1,cluster_1
598.0,-267.0,1,cluster_1
724.0,-678.0,1,cluster_1
617.0,-362.0,1,cluster_1
563.0,-628.0,1,cluster_1
711.0,-352.0,1,cluster_1
772.0,-406.0,1,cluster_1
571.0,-399.0,1,cluster_1
660.0,-719.0,1,cluster_1
652.0,-444.0,1,cluster_1
723.0,-678.0,1,cluster_1
701.0,-672.0,1,cluster_1
510.0,-450.0,1,cluster_1
549.0,-465.0,1,cluster_1
807.0,-413.0,1,cluster_1
766.0,-410.0,1,cluster_1
729.0,-751.0,1,cluster_1
710.0,-649.0,1,cluster_1
739.0,-737.0,1,cluster_1
816.0,-729.0,1,cluster_1
785.0,-643.0,1,cluster_1
813.0,-453.0,1,cluster_1
634.0,-286.0,1,cluster_1
674.0,-300.0,1,cluster_1
546.0,-438.0,1,cluster_1
743.0,-727.0,1,cluster_1
667.0,-676.0,1,cluster_1
771.0,-687.0,1,cluster_1
614.0,-500.0,1,cluster_1
615.0,-592.0,1,cluster_1
755.0,-749.0,1,cluster_1
776.0,-740.0,1,cluster_1
787.0,-365.0,1,cluster_1
789.0,-706.0,1,cluster_1
796.0,-702.0,1,cluster_1
587.0,-376.0,1,cluster_1
689.0,-419.0,1,cluster_1
666.0,-639.0,1,cluster_1
636.0,-413.0,1,cluster_1
719.0,-375.0,1,cluster_1
823.0,-544.0,1,cluster_1
564.0,-449.0,1,cluster_1
626.0,-671.0,1,cluster_1
706.0,-530.0,1,cluster_1
822.0,-553.0,1,cluster_1
806.0,-404.0,1,cluster_1
585.0,-503.0,1,cluster_1
565.0,-665.0,1,cluster_1
844.0,-778.0,1,cluster_1
705.0,-382.0,1,cluster_1
733.0,-364.0,1,cluster_1
684.0,-441.0,1,cluster_1
704.0,-602.0,1,cluster_1
714.0,-380.0,1,cluster_1
409.0,-386.0,1,cluster_1
692.0,-329.0,1,cluster_1
666.0,-668.0,1,cluster_1
702.0,-581.0,1,cluster_1
766.0,-743.0,1,cluster_1
636.0,-443.0,1,cluster_1
739.0,-373.0,1,cluster_1
861.0,-421.0,1,cluster_1
639.0,-587.0,1,cluster_1
781.0,-427.0,1,cluster_1
783.0,-423.0,1,cluster_1
753.0,-401.0,1,cluster_1
740.0,-424.0,1,cluster_1
658.0,-468.0,1,cluster_1
726.0,-751.0,1,cluster_1
622.0,-650.0,1,cluster_1
652.0,-395.0,1,cluster_1
677.0,-385.0,1,cluster_1
763.0,-389.0,1,cluster_1
658.0,-417.0,1,cluster_1
565.0,-279.0,1,cluster_1
503.0,-543.0,1,cluster_1
619.0,-557.0,1,cluster_1
651.0,-395.0,1,cluster_1
784.0,-760.0,1,cluster_1
712.0,-482.0,1,cluster_1
784.0,-453.0,1,cluster_1
575.0,-370.0,1,cluster_1
905.0,-426.0,1,cluster_1
741.0,-618.0,1,cluster_1
749.0,-646.0,1,cluster_1
306.0,-448.0,1,cluster_1
755.0,-271.0,1,cluster_1
621.0,-306.0,1,cluster_1
394.0,-493.0,1,cluster_1
634.0,-358.0,1,cluster_1
679.0,-543.0,1,cluster_1
675.0,-716.0,1,cluster_1
713.0,-419.0,1,cluster_1
664.0,-453.0,1,cluster_1
679.0,-509.0,1,cluster_1
735.0,-367.0,1,cluster_1
629.0,-379.0,1,cluster_1
675.0,-432.0,1,cluster_1
679.0,-562.0,1,cluster_1
735.0,-742.0,1,cluster_1
686.0,-401.0,1,cluster_1
622.0,-658.0,1,cluster_1
803.0,-726.0,1,cluster_1
717.0,-706.0,1,cluster_1
483.0,-359.0,1,cluster_1
739.0,-423.0,1,cluster_1
813.0,-374.0,1,cluster_1
782.0,-410.0,1,cluster_1
706.0,-707.0,1,cluster_1
865.0,-452.0,1,cluster_1
791.0,-437.0,1,cluster_1
642.0,-673.0,1,cluster_1
829.0,-436.0,1,cluster_1
848.0,-666.0,1,cluster_1
650.0,-520.0,1,cluster_1
611.0,-527.0,1,cluster_1
802.0,-780.0,1,cluster_1
639.0,-641.0,1,cluster_1
684.0,-731.0,1,cluster_1
717.0,-391.0,1,cluster_1
651.0,-768.0,1,cluster_1
755.0,-598.0,1,cluster_1
693.0,-623.0,1,cluster_1
740.0,-522.0,1,cluster_1
652.0,-578.0,1,cluster_1
720.0,-466.0,1,cluster_1
758.0,-705.0,1,cluster_1
852.0,-422.0,1,cluster_1
666.0,-628.0,1,cluster_1
602.0,-431.0,1,cluster_1
725.0,-618.0,1,cluster_1
847.0,-429.0,1,cluster_1
739.0,-601.0,1,cluster_1
693.0,-361.0,1,cluster_1
713.0,-436.0,1,cluster_1
524.0,-523.0,1,cluster_1
699.0,-475.0,1,cluster_1
653.0,-379.0,1,cluster_1
706.0,-542.0,1,cluster_1
671.0,-672.0,1,cluster_1
780.0,-383.0,1,cluster_1
782.0,-418.0,1,cluster_1
666.0,-539.0,1,cluster_1
718.0,-649.0,1,cluster_1
694.0,-478.0,1,cluster_1
517.0,-790.0,1,cluster_1
731.0,-558.0,1,cluster_1
491.0,-480.0,1,cluster_1
610.0,-494.0,1,cluster_1
832.0,-704.0,1,cluster_1
788.0,-785.0,1,cluster_1
736.0,-570.0,1,cluster_1
727.0,-770.0,1,cluster_1
768.0,-535.0,1,cluster_1
823.0,-421.0,1,cluster_1
720.0,-423.0,1,cluster_1
729.0,-672.0,1,cluster_1
667.0,-331.0,1,cluster_1
767.0,-587.0,1,cluster_1
511.0,-530.0,1,cluster_1
632.0,-595.0,1,cluster_1
768.0,-690.0,1,cluster_1
795.0,-513.0,1,cluster_1
325.0,-486.0,1,cluster_1
658.0,-606.0,1,cluster_1
608.0,-515.0,1,cluster_1
694.0,-582.0,1,cluster_1
698.0,-671.0,1,cluster_1
694.0,-729.0,1,cluster_1
696.0,-622.0,1,cluster_1
671.0,-553.0,1,cluster_1
453.0,-506.0,1,cluster_1
702.0,-632.0,1,cluster_1
650.0,-599.0,1,cluster_1
690.0,-671.0,1,cluster_1
688.0,-680.0,1,cluster_1
782.0,-667.0,1,cluster_1
683.0,-720.0,1,cluster_1
687.0,-951.0,1,cluster_1
699.0,-785.0,1,cluster_1
567.0,-281.0,1,cluster_1
722.0,-713.0,1,cluster_1
688.0,-692.0,1,cluster_1
702.0,-579.0,1,cluster_1
805.0,-406.0,1,cluster_1
537.0,-552.0,1,cluster_1
633.0,-571.0,1,cluster_1
746.0,-400.0,1,cluster_1
716.0,-720.0,1,cluster_1
701.0,-641.0,1,cluster_1
579.0,-722.0,1,cluster_1
610.0,-678.0,1,cluster_1
619.0,-496.0,1,cluster_1
632.0,-640.0,1,cluster_1
681.0,-710.0,1,cluster_1
437.0,-548.0,1,cluster_1
630.0,-461.0,1,cluster_1
697.0,-649.0,1,cluster_1
658.0,-674.0,1,cluster_1
666.0,-652.0,1,cluster_1
711.0,-690.0,1,cluster_1
653.0,-581.0,1,cluster_1
683.0,-673.0,1,cluster_1
653.0,-690.0,1,cluster_1
589.0,-656.0,1,cluster_1
604.0,-614.0,1,cluster_1
711.0,-700.0,1,cluster_1
724.0,-764.0,1,cluster_1
580.0,-580.0,1,cluster_1
814.0,-671.0,1,cluster_1
454.0,-509.0,1,cluster_1
738.0,-368.0,1,cluster_1
798.0,-890.0,1,cluster_1
788.0,-676.0,1,cluster_1
657.0,-686.0,1,cluster_1
686.0,-668.0,1,cluster_1
678.0,-662.0,1,cluster_1
677.0,-474.0,1,cluster_1
748.0,-571.0,1,cluster_1
675.0,-497.0,1,cluster_1
760.0,-646.0,1,cluster_1
757.0,-745.0,1,cluster_1
742.0,-391.0,1,cluster_1
709.0,-372.0,1,cluster_1
712.0,-367.0,1,cluster_1
633.0,-585.0,1,cluster_1
696.0,-691.0,1,cluster_1
793.0,-564.0,1,cluster_1
844.0,-643.0,1,cluster_1
513.0,-574.0,1,cluster_1
620.0,-559.0,1,cluster_1
528.0,-406.0,1,cluster_1
539.0,-431.0,1,cluster_1
636.0,-713.0,1,cluster_1
635.0,-317.0,1,cluster_1
555.0,-457.0,1,cluster_1
534.0,-426.0,1,cluster_1
716.0,-359.0,1,cluster_1
751.0,-415.0,1,cluster_1
564.0,-457.0,1,cluster_1
556.0,-527.0,1,cluster_1
506.0,-561.0,1,cluster_1
554.0,-398.0,1,cluster_1
570.0,-461.0,1,cluster_1
723.0,-750.0,1,cluster_1
623.0,-253.0,1,cluster_1
649.0,-401.0,1,cluster_1
576.0,-471.0,1,cluster_1
806.0,-396.0,1,cluster_1
722.0,-394.0,1,cluster_1
785.0,-417.0,1,cluster_1
557.0,-538.0,1,cluster_1
812.0,-606.0,1,cluster_1
760.0,-380.0,1,cluster_1
684.0,-661.0,1,cluster_1
837.0,-362.0,1,cluster_1
765.0,-897.0,1,cluster_1
644.0,-508.0,1,cluster_1
770.0,-637.0,1,cluster_1
593.0,-482.0,1,cluster_1
565.0,-482.0,1,cluster_1
728.0,-671.0,1,cluster_1
696.0,-354.0,1,cluster_1
782.0,-393.0,1,cluster_1
581.0,-326.0,1,cluster_1
786.0,-638.0,1,cluster_1
665.0,-653.0,1,cluster_1
648.0,-480.0,1,cluster_1
756.0,-557.0,1,cluster_1
632.0,-438.0,1,cluster_1
805.0,-341.0,1,cluster_1
526.0,-422.0,1,cluster_1
698.0,-589.0,1,cluster_1
806.0,-380.0,1,cluster_1
652.0,-429.0,1,cluster_1
806.0,-466.0,1,cluster_1
619.0,-525.0,1,cluster_1
831.0,-421.0,1,cluster_1
670.0,-536.0,1,cluster_1
644.0,-399.0,1,cluster_1
827.0,-419.0,1,cluster_1
831.0,-802.0,1,cluster_1
555.0,-461.0,1,cluster_1
634.0,-439.0,1,cluster_1
528.0,-464.0,1,cluster_1
631.0,-387.0,1,cluster_1
494.0,-587.0,1,cluster_1
701.0,-360.0,1,cluster_1
668.0,-538.0,1,cluster_1
830.0,-435.0,1,cluster_1
789.0,-279.0,1,cluster_1
580.0,-474.0,1,cluster_1
630.0,-469.0,1,cluster_1
582.0,-417.0,1,cluster_1
561.0,-646.0,1,cluster_1
672.0,-422.0,1,cluster_1
714.0,-417.0,1,cluster_1
733.0,-606.0,1,cluster_1
720.0,-551.0,1,cluster_1
721.0,-386.0,1,cluster_1
593.0,-871.0,1,cluster_1
789.0,-762.0,1,cluster_1
743.0,-558.0,1,cluster_1
630.0,-356.0,1,cluster_1
809.0,-561.0,1,cluster_1
692.0,-576.0,1,cluster_1
714.0,-628.0,1,cluster_1
605.0,-681.0,1,cluster_1
696.0,-418.0,1,cluster_1
891.0,-701.0,1,cluster_1
837.0,-437.0,1,cluster_1
559.0,-475.0,1,cluster_1
514.0,-436.0,1,cluster_1
633.0,-351.0,1,cluster_1
603.0,-622.0,1,cluster_1
756.0,-393.0,1,cluster_1
737.0,-638.0,1,cluster_1
817.0,-366.0,1,cluster_1
656.0,-450.0,1,cluster_1
762.0,-514.0,1,cluster_1
453.0,-440.0,1,cluster_1
787.0,-424.0,1,cluster_1
644.0,-271.0,1,cluster_1
542.0,-498.0,1,cluster_1
841.0,-718.0,1,cluster_1
633.0,-431.0,1,cluster_1
583.0,-577.0,1,cluster_1
712.0,-585.0,1,cluster_1
734.0,-371.0,1,cluster_1
564.0,-471.0,1,cluster_1
609.0,-608.0,1,cluster_1
576.0,-507.0,1,cluster_1
897.0,-706.0,1,cluster_1
658.0,-514.0,1,cluster_1
611.0,-582.0,1,cluster_1
651.0,-420.0,1,cluster_1
596.0,-538.0,1,cluster_1
698.0,-345.0,1,cluster_1
760.0,-687.0,1,cluster_1
503.0,-624.0,1,cluster_1
592.0,-448.0,1,cluster_1
546.0,-559.0,1,cluster_1
730.0,-444.0,1,cluster_1
669.0,-364.0,1,cluster_1
832.0,-627.0,1,cluster_1
386.0,-567.0,1,cluster_1
833.0,-408.0,1,cluster_1
638.0,-466.0,1,cluster_1
579.0,-277.0,1,cluster_1
377.0,-641.0,1,cluster_1
497.0,-270.0,1,cluster_1
765.0,-697.0,1,cluster_1
694.0,-449.0,1,cluster_1
632.0,-296.0,1,cluster_1
678.0,-817.0,1,cluster_1
724.0,-470.0,1,cluster_1
630.0,-527.0,1,cluster_1
695.0,-349.0,1,cluster_1
708.0,-639.0,1,cluster_1
656.0,-344.0,1,cluster_1
856.0,-638.0,1,cluster_1
575.0,-346.0,1,cluster_1
792.0,-427.0,1,cluster_1
647.0,-605.0,1,cluster_1
740.0,-538.0,1,cluster_1
757.0,-436.0,1,cluster_1
647.0,-346.0,1,cluster_1
565.0,-396.0,1,cluster_1
855.0,-420.0,1,cluster_1
736.0,-759.0,1,cluster_1
807.0,-565.0,1,cluster_1
708.0,-874.0,1,cluster_1
885.0,-690.0,1,cluster_1
812.0,-440.0,1,cluster_1
600.0,-491.0,1,cluster_1
643.0,-614.0,1,cluster_1
558.0,-546.0,1,cluster_1
724.0,-629.0,1,cluster_1
707.0,-406.0,1,cluster_1
833.0,-783.0,1,cluster_1
822.0,-821.0,1,cluster_1
708.0,-579.0,1,cluster_1
661.0,-614.0,1,cluster_1
659.0,-495.0,1,cluster_1
899.0,-428.0,1,cluster_1
492.0,-479.0,1,cluster_1
633.0,-383.0,1,cluster_1
718.0,-330.0,1,cluster_1
693.0,-648.0,1,cluster_1
642.0,-712.0,1,cluster_1
746.0,-404.0,1,cluster_1
693.0,-458.0,1,cluster_1
640.0,-374.0,1,cluster_1
744.0,-473.0,1,cluster_1
706.0,-838.0,1,cluster_1
687.0,-434.0,1,cluster_1
603.0,-271.0,1,cluster_1
595.0,-427.0,1,cluster_1
651.0,-465.0,1,cluster_1
822.0,-769.0,1,cluster_1
685.0,-504.0,1,cluster_1
675.0,-420.0,1,cluster_1
726.0,-821.0,1,cluster_1
471.0,-301.0,1,cluster_1
688.0,-364.0,1,cluster_1
552.0,-347.0,1,cluster_1
421.0,-466.0,1,cluster_1
635.0,-579.0,1,cluster_1
812.0,-605.0,1,cluster_1
669.0,-417.0,1,cluster_1
712.0,-383.0,1,cluster_1
526.0,-482.0,1,cluster_1
829.0,-414.0,1,cluster_1
765.0,-538.0,1,cluster_1
670.0,-349.0,1,cluster_1
597.0,-420.0,1,cluster_1
686.0,-900.0,1,cluster_1
703.0,-317.0,1,cluster_1
679.0,-482.0,1,cluster_1
710.0,-369.0,1,cluster_1
717.0,-678.0,1,cluster_1
652.0,-439.0,1,cluster_1
627.0,-699.0,1,cluster_1
805.0,-412.0,1,cluster_1
767.0,-561.0,1,cluster_1
748.0,-296.0,1,cluster_1
667.0,-423.0,1,cluster_1
672.0,-523.0,1,cluster_1
478.0,-760.0,1,cluster_1
631.0,-326.0,1,cluster_1
805.0,-405.0,1,cluster_1
740.0,-720.0,1,cluster_1
653.0,-408.0,1,cluster_1
616.0,-371.0,1,cluster_1
569.0,-410.0,1,cluster_1
859.0,-529.0,1,cluster_1
745.0,-403.0,1,cluster_1
809.0,-402.0,1,cluster_1
741.0,-850.0,1,cluster_1
675.0,-846.0,1,cluster_1
797.0,-742.0,1,cluster_1
744.0,-405.0,1,cluster_1
634.0,-742.0,1,cluster_1
882.0,-505.0,1,cluster_1
679.0,-421.0,1,cluster_1
602.0,-388.0,1,cluster_1
890.0,-839.0,1,cluster_1
598.0,-301.0,1,cluster_1
464.0,-512.0,1,cluster_1
859.0,-725.0,1,cluster_1
412.0,-490.0,1,cluster_1
742.0,-462.0,1,cluster_1
775.0,-636.0,1,cluster_1
441.0,-444.0,1,cluster_1
739.0,-821.0,1,cluster_1
572.0,-628.0,1,cluster_1
576.0,-616.0,1,cluster_1
424.0,-538.0,1,cluster_1
607.0,-503.0,1,cluster_1
642.0,-419.0,1,cluster_1
621.0,-536.0,1,cluster_1
642.0,-517.0,1,cluster_1
766.0,-377.0,1,cluster_1
723.0,-617.0,1,cluster_1
727.0,-553.0,1,cluster_1
618.0,-471.0,1,cluster_1
649.0,-400.0,1,cluster_1
797.0,-418.0,1,cluster_1
840.0,-406.0,1,cluster_1
385.0,-613.0,1,cluster_1
732.0,-737.0,1,cluster_1
670.0,-489.0,1,cluster_1
590.0,-572.0,1,cluster_1
747.0,-461.0,1,cluster_1
765.0,-596.0,1,cluster_1
763.0,-408.0,1,cluster_1
717.0,-394.0,1,cluster_1
701.0,-475.0,1,cluster_1
674.0,-348.0,1,cluster_1
831.0,-367.0,1,cluster_1
457.0,-433.0,1,cluster_1
668.0,-820.0,1,cluster_1
720.0,-380.0,1,cluster_1
724.0,-436.0,1,cluster_1
590.0,-918.0,1,cluster_1
780.0,-775.0,1,cluster_1
607.0,-477.0,1,cluster_1
818.0,-394.0,1,cluster_1
730.0,-507.0,1,cluster_1
740.0,-359.0,1,cluster_1
696.0,-408.0,1,cluster_1
824.0,-624.0,1,cluster_1
745.0,-409.0,1,cluster_1
700.0,-383.0,1,cluster_1
548.0,-691.0,1,cluster_1
712.0,-494.0,1,cluster_1
811.0,-347.0,1,cluster_1
726.0,-411.0,1,cluster_1
709.0,-601.0,1,cluster_1
786.0,-660.0,1,cluster_1
552.0,-556.0,1,cluster_1
719.0,-270.0,1,cluster_1
629.0,-487.0,1,cluster_1
641.0,-683.0,1,cluster_1
673.0,-370.0,1,cluster_1
692.0,-586.0,1,cluster_1
603.0,-386.0,1,cluster_1
811.0,-814.0,1,cluster_1
620.0,-460.0,1,cluster_1
648.0,-571.0,1,cluster_1
692.0,-445.0,1,cluster_1
724.0,-617.0,1,cluster_1
773.0,-385.0,1,cluster_1
666.0,-615.0,1,cluster_1
846.0,-377.0,1,cluster_1
663.0,-659.0,1,cluster_1
826.0,-561.0,1,cluster_1
791.0,-428.0,1,cluster_1
753.0,-407.0,1,cluster_1
769.0,-336.0,1,cluster_1
845.0,-439.0,1,cluster_1
773.0,-420.0,1,cluster_1
657.0,-538.0,1,cluster_1
738.0,-375.0,1,cluster_1
618.0,-392.0,1,cluster_1
526.0,-563.0,1,cluster_1
765.0,-648.0,1,cluster_1
697.0,-887.0,1,cluster_1
716.0,-562.0,1,cluster_1
807.0,-766.0,1,cluster_1
651.0,-759.0,1,cluster_1
641.0,-790.0,1,cluster_1
671.0,-504.0,1,cluster_1
781.0,-600.0,1,cluster_1
734.0,-519.0,1,cluster_1
705.0,-649.0,1,cluster_1
626.0,-636.0,1,cluster_1
718.0,-522.0,1,cluster_1
636.0,-478.0,1,cluster_1
803.0,-405.0,1,cluster_1
728.0,-398.0,1,cluster_1
709.0,-709.0,1,cluster_1
648.0,-589.0,1,cluster_1
574.0,-491.0,1,cluster_1
746.0,-412.0,1,cluster_1
470.0,-478.0,1,cluster_1
582.0,-493.0,1,cluster_1
772.0,-429.0,1,cluster_1
864.0,-466.0,1,cluster_1
556.0,-559.0,1,cluster_1
707.0,-284.0,1,cluster_1
658.0,-772.0,1,cluster_1
748.0,-440.0,1,cluster_1
684.0,-688.0,1,cluster_1
627.0,-400.0,1,cluster_1
801.0,-361.0,1,cluster_1
652.0,-426.0,1,cluster_1
735.0,-554.0,1,cluster_1
696.0,-686.0,1,cluster_1
667.0,-949.0,1,cluster_1
596.0,-612.0,1,cluster_1
526.0,-627.0,1,cluster_1
831.0,-421.0,1,cluster_1
774.0,-431.0,1,cluster_1
570.0,-299.0,1,cluster_1
698.0,-349.0,1,cluster_1
650.0,-448.0,1,cluster_1
699.0,-417.0,1,cluster_1
704.0,-380.0,1,cluster_1
380.0,-493.0,1,cluster_1
589.0,-640.0,1,cluster_1
709.0,-573.0,1,cluster_1
662.0,-604.0,1,cluster_1
752.0,-645.0,1,cluster_1
746.0,-645.0,1,cluster_1
726.0,-761.0,1,cluster_1
689.0,-665.0,1,cluster_1
664.0,-781.0,1,cluster_1
663.0,-669.0,1,cluster_1
793.0,-775.0,1,cluster_1
710.0,-520.0,1,cluster_1
595.0,-485.0,1,cluster_1
673.0,-656.0,1,cluster_1
654.0,-418.0,1,cluster_1
685.0,-487.0,1,cluster_1
802.0,-394.0,1,cluster_1
712.0,-375.0,1,cluster_1
663.0,-587.0,1,cluster_1
887.0,-745.0,1,cluster_1
514.0,-418.0,1,cluster_1
696.0,-651.0,1,cluster_1
478.0,-425.0,1,cluster_1
602.0,-515.0,1,cluster_1
755.0,-796.0,1,cluster_1
699.0,-508.0,1,cluster_1
710.0,-726.0,1,cluster_1
699.0,-394.0,1,cluster_1
753.0,-760.0,1,cluster_1
557.0,-388.0,1,cluster_1
667.0,-487.0,1,cluster_1
629.0,-501.0,1,cluster_1
635.0,-544.0,1,cluster_1
744.0,-618.0,1,cluster_1
489.0,-813.0,1,cluster_1
686.0,-655.0,1,cluster_1
626.0,-642.0,1,cluster_1
729.0,-645.0,1,cluster_1
677.0,-422.0,1,cluster_1
772.0,-644.0,1,cluster_1
643.0,-668.0,1,cluster_1
796.0,-766.0,1,cluster_1
702.0,-366.0,1,cluster_1
574.0,-315.0,1,cluster_1
707.0,-692.0,1,cluster_1
714.0,-698.0,1,cluster_1
799.0,-419.0,1,cluster_1
641.0,-411.0,1,cluster_1
690.0,-514.0,1,cluster_1
622.0,-618.0,1,cluster_1
674.0,-746.0,1,cluster_1
677.0,-566.0,1,cluster_1
553.0,-686.0,1,cluster_1
764.0,-675.0,1,cluster_1
725.0,-720.0,1,cluster_1
632.0,-618.0,1,cluster_1
788.0,-404.0,1,cluster_1
717.0,-526.0,1,cluster_1
631.0,-431.0,1,cluster_1
750.0,-616.0,1,cluster_1
522.0,-628.0,1,cluster_1
670.0,-355.0,1,cluster_1
813.0,-390.0,1,cluster_1
801.0,-660.0,1,cluster_1
580.0,-810.0,1,cluster_1
715.0,-681.0,1,cluster_1
662.0,-551.0,1,cluster_1
741.0,-396.0,1,cluster_1
684.0,-625.0,1,cluster_1
750.0,-374.0,1,cluster_1
702.0,-315.0,1,cluster_1
748.0,-614.0,1,cluster_1
517.0,-377.0,1,cluster_1
810.0,-767.0,1,cluster_1
659.0,-602.0,1,cluster_1
448.0,-415.0,1,cluster_1
788.0,-432.0,1,cluster_1
784.0,-379.0,1,cluster_1
542.0,-704.0,1,cluster_1
682.0,-376.0,1,cluster_1
748.0,-470.0,1,cluster_1
833.0,-721.0,1,cluster_1
650.0,-890.0,1,cluster_1
636.0,-722.0,1,cluster_1
580.0,-777.0,1,cluster_1
535.0,-321.0,1,cluster_1
623.0,-459.0,1,cluster_1
754.0,-399.0,1,cluster_1
711.0,-604.0,1,cluster_1
731.0,-572.0,1,cluster_1
634.0,-713.0,1,cluster_1
591.0,-600.0,1,cluster_1
606.0,-526.0,1,cluster_1
803.0,-424.0,1,cluster_1
790.0,-793.0,1,cluster_1
699.0,-761.0,1,cluster_1
732.0,-423.0,1,cluster_1
713.0,-522.0,1,cluster_1
771.0,-397.0,1,cluster_1
591.0,-886.0,1,cluster_1
636.0,-813.0,1,cluster_1
582.0,-640.0,1,cluster_1
731.0,-760.0,1,cluster_1
752.0,-516.0,1,cluster_1
688.0,-313.0,1,cluster_1
756.0,-394.0,1,cluster_1
689.0,-681.0,1,cluster_1
774.0,-576.0,1,cluster_1
607.0,-816.0,1,cluster_1
600.0,-762.0,1,cluster_1
845.0,-326.0,1,cluster_1
483.0,-574.0,1,cluster_1
793.0,-755.0,1,cluster_1
633.0,-617.0,1,cluster_1
840.0,-747.0,1,cluster_1
701.0,-425.0,1,cluster_1
697.0,-402.0,1,cluster_1
818.0,-404.0,1,cluster_1
505.0,-534.0,1,cluster_1
684.0,-653.0,1,cluster_1
757.0,-747.0,1,cluster_1
743.0,-399.0,1,cluster_1
786.0,-764.0,1,cluster_1
680.0,-662.0,1,cluster_1
757.0,-721.0,1,cluster_1
756.0,-325.0,1,cluster_1
676.0,-681.0,1,cluster_1
629.0,-554.0,1,cluster_1
692.0,-628.0,1,cluster_1
746.0,-491.0,1,cluster_1
758.0,-403.0,1,cluster_1
640.0,-621.0,1,cluster_1
831.0,-366.0,1,cluster_1
742.0,-660.0,1,cluster_1
536.0,-343.0,1,cluster_1
696.0,-382.0,1,cluster_1
775.0,-741.0,1,cluster_1
763.0,-626.0,1,cluster_1
663.0,-566.0,1,cluster_1
588.0,-638.0,1,cluster_1
443.0,-470.0,1,cluster_1
723.0,-279.0,1,cluster_1
665.0,-677.0,1,cluster_1
730.0,-377.0,1,cluster_1
553.0,-454.0,1,cluster_1
770.0,-617.0,1,cluster_1
522.0,-273.0,1,cluster_1
615.0,-557.0,1,cluster_1
627.0,-617.0,1,cluster_1
735.0,-440.0,1,cluster_1
634.0,-676.0,1,cluster_1
809.0,-406.0,1,cluster_1
740.0,-418.0,1,cluster_1
578.0,-324.0,1,cluster_1
553.0,-373.0,1,cluster_1
740.0,-596.0,1,cluster_1
627.0,-324.0,1,cluster_1
751.0,-372.0,1,cluster_1
641.0,-416.0,1,cluster_1
630.0,-591.0,1,cluster_1
658.0,-692.0,1,cluster_1
707.0,-657.0,1,cluster_1
702.0,-711.0,1,cluster_1
788.0,-724.0,1,cluster_1
703.0,-646.0,1,cluster_1
657.0,-764.0,1,cluster_1
691.0,-792.0,1,cluster_1
632.0,-742.0,1,cluster_1
719.0,-645.0,1,cluster_1
725.0,-759.0,1,cluster_1
848.0,-639.0,1,cluster_1
704.0,-758.0,1,cluster_1
473.0,-610.0,1,cluster_1
642.0,-639.0,1,cluster_1
630.0,-731.0,1,cluster_1
694.0,-657.0,1,cluster_1
695.0,-657.0,1,cluster_1
724.0,-730.0,1,cluster_1
651.0,-806.0,1,cluster_1
780.0,-702.0,1,cluster_1
670.0,-743.0,1,cluster_1
735.0,-499.0,1,cluster_1
754.0,-677.0,1,cluster_1
745.0,-748.0,1,cluster_1
583.0,-352.0,1,cluster_1
672.0,-741.0,1,cluster_1
609.0,-731.0,1,cluster_1
822.0,-710.0,1,cluster_1
707.0,-695.0,1,cluster_1
665.0,-679.0,1,cluster_1
717.0,-360.0,1,cluster_1
514.0,-381.0,1,cluster_1
718.0,-424.0,1,cluster_1
679.0,-714.0,1,cluster_1
757.0,-660.0,1,cluster_1
816.0,-293.0,1,cluster_1
721.0,-361.0,1,cluster_1
642.0,-289.0,1,cluster_1
737.0,-420.0,1,cluster_1
784.0,-431.0,1,cluster_1
652.0,-698.0,1,cluster_1
733.0,-607.0,1,cluster_1
749.0,-401.0,1,cluster_1
607.0,-658.0,1,cluster_1
612.0,-618.0,1,cluster_1
641.0,-512.0,1,cluster_1
783.0,-660.0,1,cluster_1
767.0,-764.0,1,cluster_1
770.0,-663.0,1,cluster_1
736.0,-683.0,1,cluster_1
717.0,-609.0,1,cluster_1
749.0,-412.0,1,cluster_1
599.0,-445.0,1,cluster_1
596.0,-458.0,1,cluster_1
785.0,-612.0,1,cluster_1
695.0,-537.0,1,cluster_1
725.0,-469.0,1,cluster_1
862.0,-778.0,1,cluster_1
572.0,-558.0,1,cluster_1
577.0,-709.0,1,cluster_1
648.0,-709.0,1,cluster_1
697.0,-584.0,1,cluster_1
650.0,-656.0,1,cluster_1
806.0,-788.0,1,cluster_1
843.0,-806.0,1,cluster_1
753.0,-623.0,1,cluster_1
772.0,-405.0,1,cluster_1
651.0,-699.0,1,cluster_1
674.0,-681.0,1,cluster_1
515.0,-370.0,1,cluster_1
803.0,-407.0,1,cluster_1
602.0,-536.0,1,cluster_1
660.0,-640.0,1,cluster_1
776.0,-592.0,1,cluster_1
651.0,-610.0,1,cluster_1
662.0,-627.0,1,cluster_1
807.0,-423.0,1,cluster_1
668.0,-529.0,1,cluster_1
728.0,-572.0,1,cluster_1
726.0,-718.0,1,cluster_1
695.0,-708.0,1,cluster_1
749.0,-404.0,1,cluster_1
782.0,-419.0,1,cluster_1
649.0,-676.0,1,cluster_1
724.0,-608.0,1,cluster_1
702.0,-926.0,1,cluster_1
805.0,-684.0,1,cluster_1
662.0,-645.0,1,cluster_1
609.0,-691.0,1,cluster_1
738.0,-443.0,1,cluster_1
616.0,-700.0,1,cluster_1
699.0,-489.0,1,cluster_1
627.0,-710.0,1,cluster_1
596.0,-425.0,1,cluster_1
706.0,-705.0,1,cluster_1
747.0,-404.0,1,cluster_1
658.0,-625.0,1,cluster_1
735.0,-767.0,1,cluster_1
459.0,-655.0,1,cluster_1
710.0,-363.0,1,cluster_1
666.0,-714.0,1,cluster_1
733.0,-403.0,1,cluster_1
796.0,-430.0,1,cluster_1
717.0,-394.0,1,cluster_1
624.0,-593.0,1,cluster_1
784.0,-442.0,1,cluster_1
674.0,-394.0,1,cluster_1
816.0,-771.0,1,cluster_1
477.0,-459.0,1,cluster_1
625.0,-516.0,1,cluster_1
582.0,-394.0,1,cluster_1
729.0,-747.0,1,cluster_1
653.0,-551.0,1,cluster_1
644.0,-628.0,1,cluster_1
662.0,-615.0,1,cluster_1
660.0,-339.0,1,cluster_1
622.0,-279.0,1,cluster_1
666.0,-346.0,1,cluster_1
629.0,-513.0,1,cluster_1
562.0,-510.0,1,cluster_1
613.0,-769.0,1,cluster_1
714.0,-363.0,1,cluster_1
756.0,-459.0,1,cluster_1
756.0,-444.0,1,cluster_1
679.0,-650.0,1,cluster_1
349.0,-523.0,1,cluster_1
741.0,-787.0,1,cluster_1
546.0,-424.0,1,cluster_1
636.0,-438.0,1,cluster_1
763.0,-402.0,1,cluster_1
695.0,-726.0,1,cluster_1
802.0,-688.0,1,cluster_1
715.0,-611.0,1,cluster_1
544.0,-598.0,1,cluster_1
543.0,-588.0,1,cluster_1
620.0,-644.0,1,cluster_1
684.0,-571.0,1,cluster_1
737.0,-415.0,1,cluster_1
742.0,-580.0,1,cluster_1
463.0,-579.0,1,cluster_1
762.0,-446.0,1,cluster_1
519.0,-576.0,1,cluster_1
729.0,-774.0,1,cluster_1
697.0,-525.0,1,cluster_1
733.0,-694.0,1,cluster_1
617.0,-542.0,1,cluster_1
720.0,-539.0,1,cluster_1
778.0,-426.0,1,cluster_1
765.0,-399.0,1,cluster_1
734.0,-697.0,1,cluster_1
789.0,-397.0,1,cluster_1
676.0,-421.0,1,cluster_1
664.0,-411.0,1,cluster_1
727.0,-588.0,1,cluster_1
614.0,-387.0,1,cluster_1
812.0,-651.0,1,cluster_1
398.0,-472.0,1,cluster_1
776.0,-407.0,1,cluster_1
779.0,-895.0,1,cluster_1
848.0,-412.0,1,cluster_1
690.0,-605.0,1,cluster_1
797.0,-364.0,1,cluster_1
661.0,-575.0,1,cluster_1
801.0,-438.0,1,cluster_1
740.0,-397.0,1,cluster_1
717.0,-423.0,1,cluster_1
654.0,-544.0,1,cluster_1
722.0,-546.0,1,cluster_1
572.0,-742.0,1,cluster_1
720.0,-523.0,1,cluster_1
679.0,-674.0,1,cluster_1
698.0,-676.0,1,cluster_1
691.0,-657.0,1,cluster_1
667.0,-710.0,1,cluster_1
650.0,-532.0,1,cluster_1
590.0,-767.0,1,cluster_1
767.0,-733.0,1,cluster_1
741.0,-724.0,1,cluster_1
782.0,-385.0,1,cluster_1
566.0,-408.0,1,cluster_1
728.0,-390.0,1,cluster_1
555.0,-688.0,1,cluster_1
808.0,-685.0,1,cluster_1
743.0,-829.0,1,cluster_1
581.0,-389.0,1,cluster_1
845.0,-768.0,1,cluster_1
664.0,-717.0,1,cluster_1
593.0,-517.0,1,cluster_1
653.0,-388.0,1,cluster_1
786.0,-615.0,1,cluster_1
777.0,-538.0,1,cluster_1
743.0,-489.0,1,cluster_1
766.0,-676.0,1,cluster_1
723.0,-726.0,1,cluster_1
797.0,-350.0,1,cluster_1
604.0,-417.0,1,cluster_1
794.0,-426.0,1,cluster_1
812.0,-402.0,1,cluster_1
723.0,-787.0,1,cluster_1
655.0,-544.0,1,cluster_1
732.0,-426.0,1,cluster_1
655.0,-414.0,1,cluster_1
696.0,-320.0,1,cluster_1
787.0,-780.0,1,cluster_1
883.0,-406.0,1,cluster_1
571.0,-500.0,1,cluster_1
589.0,-321.0,1,cluster_1
681.0,-410.0,1,cluster_1
717.0,-463.0,1,cluster_1
708.0,-312.0,1,cluster_1
599.0,-326.0,1,cluster_1
682.0,-576.0,1,cluster_1
911.0,-419.0,1,cluster_1
730.0,-707.0,1,cluster_1
757.0,-775.0,1,cluster_1
745.0,-474.0,1,cluster_1
645.0,-553.0,1,cluster_1
714.0,-392.0,1,cluster_1
762.0,-351.0,1,cluster_1
758.0,-412.0,1,cluster_1
612.0,-734.0,1,cluster_1
755.0,-424.0,1,cluster_1
813.0,-403.0,1,cluster_1
760.0,-481.0,1,cluster_1
510.0,-335.0,1,cluster_1
708.0,-411.0,1,cluster_1
807.0,-373.0,1,cluster_1
806.0,-679.0,1,cluster_1
742.0,-572.0,1,cluster_1
710.0,-457.0,1,cluster_1
606.0,-555.0,1,cluster_1
613.0,-356.0,1,cluster_1
515.0,-576.0,1,cluster_1
682.0,-459.0,1,cluster_1
755.0,-408.0,1,cluster_1
655.0,-361.0,1,cluster_1
740.0,-579.0,1,cluster_1
767.0,-537.0,1,cluster_1
744.0,-396.0,1,cluster_1
566.0,-540.0,1,cluster_1
822.0,-425.0,1,cluster_1
514.0,-615.0,1,cluster_1
847.0,-418.0,1,cluster_1
737.0,-420.0,1,cluster_1
684.0,-366.0,1,cluster_1
704.0,-311.0,1,cluster_1
702.0,-667.0,1,cluster_1
674.0,-382.0,1,cluster_1
657.0,-518.0,1,cluster_1
714.0,-310.0,1,cluster_1
785.0,-408.0,1,cluster_1
771.0,-726.0,1,cluster_1
821.0,-513.0,1,cluster_1
648.0,-416.0,1,cluster_1
639.0,-667.0,1,cluster_1
660.0,-790.0,1,cluster_1
689.0,-470.0,1,cluster_1
820.0,-450.0,1,cluster_1
569.0,-562.0,1,cluster_1
739.0,-702.0,1,cluster_1
624.0,-491.0,1,cluster_1
834.0,-594.0,1,cluster_1
684.0,-497.0,1,cluster_1
704.0,-315.0,1,cluster_1
560.0,-503.0,1,cluster_1
759.0,-390.0,1,cluster_1
886.0,-420.0,1,cluster_1
665.0,-467.0,1,cluster_1
816.0,-402.0,1,cluster_1
652.0,-333.0,1,cluster_1
718.0,-311.0,1,cluster_1
815.0,-609.0,1,cluster_1
825.0,-403.0,1,cluster_1
600.0,-326.0,1,cluster_1
764.0,-631.0,1,cluster_1
613.0,-550.0,1,cluster_1
818.0,-525.0,1,cluster_1
756.0,-627.0,1,cluster_1
537.0,-475.0,1,cluster_1
719.0,-396.0,1,cluster_1
762.0,-691.0,1,cluster_1
746.0,-368.0,1,cluster_1
713.0,-422.0,1,cluster_1
623.0,-657.0,1,cluster_1
856.0,-357.0,1,cluster_1
501.0,-376.0,1,cluster_1
686.0,-435.0,1,cluster_1
707.0,-436.0,1,cluster_1
743.0,-417.0,1,cluster_1
707.0,-546.0,1,cluster_1
702.0,-533.0,1,cluster_1
745.0,-768.0,1,cluster_1
719.0,-558.0,1,cluster_1
677.0,-506.0,1,cluster_1
512.0,-687.0,1,cluster_1
792.0,-454.0,1,cluster_1
684.0,-726.0,1,cluster_1
796.0,-415.0,1,cluster_1
661.0,-391.0,1,cluster_1
820.0,-543.0,1,cluster_1
660.0,-432.0,1,cluster_1
803.0,-762.0,1,cluster_1
777.0,-731.0,1,cluster_1
828.0,-533.0,1,cluster_1
653.0,-414.0,1,cluster_1
721.0,-813.0,1,cluster_1
559.0,-472.0,1,cluster_1
649.0,-717.0,1,cluster_1
745.0,-426.0,1,cluster_1
766.0,-393.0,1,cluster_1
751.0,-417.0,1,cluster_1
855.0,-433.0,1,cluster_1
814.0,-356.0,1,cluster_1
660.0,-778.0,1,cluster_1
540.0,-571.0,1,cluster_1
762.0,-437.0,1,cluster_1
563.0,-633.0,1,cluster_1
749.0,-418.0,1,cluster_1
741.0,-411.0,1,cluster_1
753.0,-451.0,1,cluster_1
699.0,-719.0,1,cluster_1
679.0,-787.0,1,cluster_1
867.0,-415.0,1,cluster_1
749.0,-544.0,1,cluster_1
790.0,-806.0,1,cluster_1
784.0,-759.0,1,cluster_1
686.0,-434.0,1,cluster_1
668.0,-451.0,1,cluster_1
684.0,-713.0,1,cluster_1
528.0,-425.0,1,cluster_1
685.0,-515.0,1,cluster_1
714.0,-401.0,1,cluster_1
634.0,-627.0,1,cluster_1
784.0,-660.0,1,cluster_1
681.0,-491.0,1,cluster_1
780.0,-421.0,1,cluster_1
770.0,-455.0,1,cluster_1
776.0,-766.0,1,cluster_1
709.0,-523.0,1,cluster_1
809.0,-434.0,1,cluster_1
679.0,-386.0,1,cluster_1
759.0,-704.0,1,cluster_1
679.0,-475.0,1,cluster_1
706.0,-403.0,1,cluster_1
672.0,-735.0,1,cluster_1
822.0,-734.0,1,cluster_1
626.0,-392.0,1,cluster_1
714.0,-563.0,1,cluster_1
557.0,-607.0,1,cluster_1
601.0,-588.0,1,cluster_1
804.0,-402.0,1,cluster_1
623.0,-434.0,1,cluster_1
752.0,-394.0,1,cluster_1
739.0,-415.0,1,cluster_1
690.0,-415.0,1,cluster_1
761.0,-623.0,1,cluster_1
696.0,-738.0,1,cluster_1
731.0,-475.0,1,cluster_1
779.0,-690.0,1,cluster_1
769.0,-411.0,1,cluster_1
706.0,-428.0,1,cluster_1
546.0,-509.0,1,cluster_1
816.0,-421.0,1,cluster_1
806.0,-602.0,1,cluster_1
727.0,-420.0,1,cluster_1
669.0,-675.0,1,cluster_1
659.0,-428.0,1,cluster_1
737.0,-490.0,1,cluster_1
689.0,-747.0,1,cluster_1
693.0,-662.0,1,cluster_1
753.0,-394.0,1,cluster_1
786.0,-749.0,1,cluster_1
744.0,-688.0,1,cluster_1
715.0,-764.0,1,cluster_1
783.0,-588.0,1,cluster_1
663.0,-688.0,1,cluster_1
717.0,-421.0,1,cluster_1
734.0,-431.0,1,cluster_1
717.0,-356.0,1,cluster_1
756.0,-726.0,1,cluster_1
653.0,-499.0,1,cluster_1
754.0,-515.0,1,cluster_1
826.0,-722.0,1,cluster_1
761.0,-824.0,1,cluster_1
787.0,-708.0,1,cluster_1
788.0,-750.0,1,cluster_1
684.0,-673.0,1,cluster_1
737.0,-597.0,1,cluster_1
656.0,-393.0,1,cluster_1
725.0,-547.0,1,cluster_1
714.0,-417.0,1,cluster_1
678.0,-357.0,1,cluster_1
663.0,-675.0,1,cluster_1
693.0,-725.0,1,cluster_1
769.0,-418.0,1,cluster_1
760.0,-413.0,1,cluster_1
819.0,-764.0,1,cluster_1
822.0,-518.0,1,cluster_1
715.0,-401.0,1,cluster_1
535.0,-335.0,1,cluster_1
792.0,-697.0,1,cluster_1
800.0,-719.0,1,cluster_1
758.0,-345.0,1,cluster_1
730.0,-598.0,1,cluster_1
604.0,-675.0,1,cluster_1
734.0,-597.0,1,cluster_1
787.0,-737.0,1,cluster_1
657.0,-472.0,1,cluster_1
722.0,-577.0,1,cluster_1
628.0,-626.0,1,cluster_1
606.0,-377.0,1,cluster_1
638.0,-666.0,1,cluster_1
789.0,-754.0,1,cluster_1
521.0,-607.0,1,cluster_1
759.0,-390.0,1,cluster_1
683.0,-741.0,1,cluster_1
579.0,-252.0,1,cluster_1
822.0,-519.0,1,cluster_1
798.0,-690.0,1,cluster_1
713.0,-775.0,1,cluster_1
555.0,-573.0,1,cluster_1
711.0,-533.0,1,cluster_1
728.0,-765.0,1,cluster_1
676.0,-650.0,1,cluster_1
670.0,-625.0,1,cluster_1
630.0,-413.0,1,cluster_1
778.0,-687.0,1,cluster_1
652.0,-723.0,1,cluster_1
814.0,-737.0,1,cluster_1
740.0,-676.0,1,cluster_1
705.0,-328.0,1,cluster_1
738.0,-414.0,1,cluster_1
804.0,-495.0,1,cluster_1
757.0,-706.0,1,cluster_1
753.0,-457.0,1,cluster_1
761.0,-413.0,1,cluster_1
657.0,-652.0,1,cluster_1
735.0,-656.0,1,cluster_1
653.0,-527.0,1,cluster_1
722.0,-747.0,1,cluster_1
656.0,-696.0,1,cluster_1
665.0,-407.0,1,cluster_1
766.0,-766.0,1,cluster_1
697.0,-416.0,1,cluster_1
480.0,-399.0,1,cluster_1
805.0,-397.0,1,cluster_1
771.0,-423.0,1,cluster_1
785.0,-777.0,1,cluster_1
765.0,-761.0,1,cluster_1
647.0,-386.0,1,cluster_1
692.0,-641.0,1,cluster_1
775.0,-409.0,1,cluster_1
747.0,-558.0,1,cluster_1
641.0,-654.0,1,cluster_1
609.0,-636.0,1,cluster_1
824.0,-424.0,1,cluster_1
730.0,-813.0,1,cluster_1
808.0,-678.0,1,cluster_1
780.0,-637.0,1,cluster_1
723.0,-441.0,1,cluster_1
766.0,-523.0,1,cluster_1
745.0,-405.0,1,cluster_1
674.0,-405.0,1,cluster_1
765.0,-696.0,1,cluster_1
766.0,-678.0,1,cluster_1
720.0,-528.0,1,cluster_1
765.0,-427.0,1,cluster_1
777.0,-572.0,1,cluster_1
771.0,-777.0,1,cluster_1
773.0,-703.0,1,cluster_1
730.0,-568.0,1,cluster_1
656.0,-646.0,1,cluster_1
725.0,-447.0,1,cluster_1
757.0,-420.0,1,cluster_1
730.0,-396.0,1,cluster_1
744.0,-385.0,1,cluster_1
845.0,-602.0,1,cluster_1
841.0,-332.0,1,cluster_1
644.0,-613.0,1,cluster_1
661.0,-354.0,1,cluster_1
773.0,-413.0,1,cluster_1
709.0,-769.0,1,cluster_1
762.0,-411.0,1,cluster_1
581.0,-476.0,1,cluster_1
678.0,-517.0,1,cluster_1
824.0,-381.0,1,cluster_1
690.0,-647.0,1,cluster_1
668.0,-627.0,1,cluster_1
682.0,-586.0,1,cluster_1
751.0,-725.0,1,cluster_1
670.0,-690.0,1,cluster_1
739.0,-390.0,1,cluster_1
806.0,-875.0,1,cluster_1
696.0,-443.0,1,cluster_1
620.0,-404.0,1,cluster_1
832.0,-353.0,1,cluster_1
779.0,-383.0,1,cluster_1
681.0,-290.0,1,cluster_1
743.0,-405.0,1,cluster_1
639.0,-390.0,1,cluster_1
561.0,-492.0,1,cluster_1
740.0,-675.0,1,cluster_1
709.0,-706.0,1,cluster_1
713.0,-658.0,1,cluster_1
819.0,-659.0,1,cluster_1
658.0,-700.0,1,cluster_1
776.0,-770.0,1,cluster_1
754.0,-413.0,1,cluster_1
631.0,-479.0,1,cluster_1
802.0,-403.0,1,cluster_1
778.0,-774.0,1,cluster_1
658.0,-607.0,1,cluster_1
790.0,-486.0,1,cluster_1
695.0,-418.0,1,cluster_1
777.0,-760.0,1,cluster_1
656.0,-323.0,1,cluster_1
742.0,-419.0,1,cluster_1
554.0,-545.0,1,cluster_1
681.0,-758.0,1,cluster_1
690.0,-377.0,1,cluster_1
588.0,-359.0,1,cluster_1
772.0,-439.0,1,cluster_1
759.0,-424.0,1,cluster_1
589.0,-271.0,1,cluster_1
826.0,-404.0,1,cluster_1
574.0,-433.0,1,cluster_1
608.0,-675.0,1,cluster_1
643.0,-336.0,1,cluster_1
768.0,-752.0,1,cluster_1
745.0,-398.0,1,cluster_1
811.0,-418.0,1,cluster_1
484.0,-643.0,1,cluster_1
772.0,-406.0,1,cluster_1
464.0,-428.0,1,cluster_1
598.0,-449.0,1,cluster_1
774.0,-763.0,1,cluster_1
497.0,-646.0,1,cluster_1
804.0,-397.0,1,cluster_1
402.0,-404.0,1,cluster_1
804.0,-719.0,1,cluster_1
709.0,-618.0,1,cluster_1
698.0,-701.0,1,cluster_1
644.0,-540.0,1,cluster_1
703.0,-664.0,1,cluster_1
747.0,-716.0,1,cluster_1
755.0,-603.0,1,cluster_1
765.0,-414.0,1,cluster_1
756.0,-498.0,1,cluster_1
662.0,-528.0,1,cluster_1
678.0,-635.0,1,cluster_1
734.0,-378.0,1,cluster_1
749.0,-715.0,1,cluster_1
732.0,-441.0,1,cluster_1
696.0,-567.0,1,cluster_1
871.0,-801.0,1,cluster_1
662.0,-466.0,1,cluster_1
545.0,-432.0,1,cluster_1
646.0,-579.0,1,cluster_1
732.0,-414.0,1,cluster_1
673.0,-675.0,1,cluster_1
787.0,-407.0,1,cluster_1
532.0,-293.0,1,cluster_1
684.0,-551.0,1,cluster_1
639.0,-477.0,1,cluster_1
711.0,-652.0,1,cluster_1
652.0,-612.0,1,cluster_1
676.0,-540.0,1,cluster_1
737.0,-537.0,1,cluster_1
531.0,-512.0,1,cluster_1
743.0,-725.0,1,cluster_1
730.0,-410.0,1,cluster_1
760.0,-420.0,1,cluster_1
662.0,-745.0,1,cluster_1
689.0,-401.0,1,cluster_1
743.0,-401.0,1,cluster_1
754.0,-361.0,1,cluster_1
721.0,-734.0,1,cluster_1
711.0,-737.0,1,cluster_1
562.0,-251.0,1,cluster_1
749.0,-394.0,1,cluster_1
761.0,-645.0,1,cluster_1
706.0,-628.0,1,cluster_1
728.0,-604.0,1,cluster_1
786.0,-590.0,1,cluster_1
795.0,-391.0,1,cluster_1
744.0,-600.0,1,cluster_1
322.0,-344.0,1,cluster_1
845.0,-400.0,1,cluster_1
808.0,-699.0,1,cluster_1
592.0,-407.0,1,cluster_1
664.0,-796.0,1,cluster_1
661.0,-397.0,1,cluster_1
734.0,-652.0,1,cluster_1
856.0,-433.0,1,cluster_1
813.0,-647.0,1,cluster_1
633.0,-497.0,1,cluster_1
594.0,-443.0,1,cluster_1
682.0,-438.0,1,cluster_1
685.0,-500.0,1,cluster_1
850.0,-443.0,1,cluster_1
789.0,-404.0,1,cluster_1
688.0,-598.0,1,cluster_1
735.0,-704.0,1,cluster_1
758.0,-592.0,1,cluster_1
673.0,-442.0,1,cluster_1
722.0,-621.0,1,cluster_1
845.0,-502.0,1,cluster_1
619.0,-640.0,1,cluster_1
741.0,-688.0,1,cluster_1
676.0,-771.0,1,cluster_1
763.0,-532.0,1,cluster_1
637.0,-583.0,1,cluster_1
773.0,-463.0,1,cluster_1
651.0,-561.0,1,cluster_1
621.0,-513.0,1,cluster_1
707.0,-416.0,1,cluster_1
691.0,-718.0,1,cluster_1
684.0,-392.0,1,cluster_1
630.0,-378.0,1,cluster_1
675.0,-433.0,1,cluster_1
754.0,-668.0,1,cluster_1
685.0,-847.0,1,cluster_1
783.0,-398.0,1,cluster_1
498.0,-500.0,1,cluster_1
747.0,-775.0,1,cluster_1
640.0,-574.0,1,cluster_1
921.0,-749.0,1,cluster_1
781.0,-849.0,1,cluster_1
815.0,-398.0,1,cluster_1
541.0,-821.0,1,cluster_1
578.0,-592.0,1,cluster_1
715.0,-729.0,1,cluster_1
653.0,-512.0,1,cluster_1
811.0,-409.0,1,cluster_1
568.0,-407.0,1,cluster_1
681.0,-617.0,1,cluster_1
859.0,-477.0,1,cluster_1
668.0,-515.0,1,cluster_1
713.0,-700.0,1,cluster_1
686.0,-740.0,1,cluster_1
507.0,-516.0,1,cluster_1
700.0,-490.0,1,cluster_1
752.0,-758.0,1,cluster_1
770.0,-458.0,1,cluster_1
660.0,-443.0,1,cluster_1
707.0,-403.0,1,cluster_1
706.0,-800.0,1,cluster_1
749.0,-414.0,1,cluster_1
647.0,-534.0,1,cluster_1
605.0,-704.0,1,cluster_1
672.0,-882.0,1,cluster_1
722.0,-486.0,1,cluster_1
668.0,-293.0,1,cluster_1
743.0,-357.0,1,cluster_1
687.0,-599.0,1,cluster_1
643.0,-341.0,1,cluster_1
786.0,-692.0,1,cluster_1
777.0,-396.0,1,cluster_1
774.0,-396.0,1,cluster_1
681.0,-704.0,1,cluster_1
680.0,-536.0,1,cluster_1
805.0,-739.0,1,cluster_1
840.0,-408.0,1,cluster_1
703.0,-863.0,1,cluster_1
760.0,-414.0,1,cluster_1
771.0,-428.0,1,cluster_1
822.0,-384.0,1,cluster_1
808.0,-727.0,1,cluster_1
730.0,-409.0,1,cluster_1
781.0,-599.0,1,cluster_1
760.0,-374.0,1,cluster_1
794.0,-803.0,1,cluster_1
730.0,-795.0,1,cluster_1
692.0,-634.0,1,cluster_1
646.0,-336.0,1,cluster_1
797.0,-774.0,1,cluster_1
831.0,-549.0,1,cluster_1
562.0,-523.0,1,cluster_1
736.0,-451.0,1,cluster_1
780.0,-404.0,1,cluster_1
447.0,-359.0,1,cluster_1
731.0,-428.0,1,cluster_1
565.0,-392.0,1,cluster_1
681.0,-399.0,1,cluster_1
740.0,-592.0,1,cluster_1
704.0,-618.0,1,cluster_1
692.0,-511.0,1,cluster_1
731.0,-766.0,1,cluster_1
754.0,-741.0,1,cluster_1
529.0,-397.0,1,cluster_1
756.0,-731.0,1,cluster_1
702.0,-616.0,1,cluster_1
701.0,-432.0,1,cluster_1
663.0,-651.0,1,cluster_1
774.0,-544.0,1,cluster_1
696.0,-475.0,1,cluster_1
720.0,-413.0,1,cluster_1
743.0,-789.0,1,cluster_1
771.0,-559.0,1,cluster_1
623.0,-484.0,1,cluster_1
704.0,-782.0,1,cluster_1
718.0,-762.0,1,cluster_1
685.0,-589.0,1,cluster_1
551.0,-253.0,1,cluster_1
581.0,-521.0,1,cluster_1
772.0,-390.0,1,cluster_1
643.0,-642.0,1,cluster_1
591.0,-519.0,1,cluster_1
716.0,-413.0,1,cluster_1
782.0,-376.0,1,cluster_1
762.0,-605.0,1,cluster_1
610.0,-519.0,1,cluster_1
708.0,-379.0,1,cluster_1
744.0,-423.0,1,cluster_1
701.0,-414.0,1,cluster_1
784.0,-768.0,1,cluster_1
705.0,-618.0,1,cluster_1
744.0,-696.0,1,cluster_1
744.0,-418.0,1,cluster_1
643.0,-585.0,1,cluster_1
735.0,-676.0,1,cluster_1
681.0,-560.0,1,cluster_1
636.0,-411.0,1,cluster_1
777.0,-407.0,1,cluster_1
709.0,-444.0,1,cluster_1
697.0,-667.0,1,cluster_1
783.0,-530.0,1,cluster_1
742.0,-528.0,1,cluster_1
765.0,-427.0,1,cluster_1
631.0,-401.0,1,cluster_1
714.0,-700.0,1,cluster_1
710.0,-407.0,1,cluster_1
610.0,-741.0,1,cluster_1
738.0,-414.0,1,cluster_1
612.0,-475.0,1,cluster_1
699.0,-578.0,1,cluster_1
725.0,-368.0,1,cluster_1
565.0,-548.0,1,cluster_1
735.0,-583.0,1,cluster_1
735.0,-348.0,1,cluster_1
748.0,-559.0,1,cluster_1
770.0,-533.0,1,cluster_1
637.0,-327.0,1,cluster_1
739.0,-408.0,1,cluster_1
847.0,-408.0,1,cluster_1
704.0,-662.0,1,cluster_1
673.0,-572.0,1,cluster_1
860.0,-681.0,1,cluster_1
688.0,-721.0,1,cluster_1
776.0,-681.0,1,cluster_1
586.0,-500.0,1,cluster_1
729.0,-746.0,1,cluster_1
715.0,-703.0,1,cluster_1
713.0,-808.0,1,cluster_1
744.0,-683.0,1,cluster_1
828.0,-684.0,1,cluster_1
771.0,-714.0,1,cluster_1
421.0,-389.0,1,cluster_1
756.0,-418.0,1,cluster_1
688.0,-388.0,1,cluster_1
694.0,-646.0,1,cluster_1
792.0,-478.0,1,cluster_1
774.0,-564.0,1,cluster_1
660.0,-604.0,1,cluster_1
809.0,-763.0,1,cluster_1
725.0,-520.0,1,cluster_1
713.0,-641.0,1,cluster_1
553.0,-645.0,1,cluster_1
706.0,-434.0,1,cluster_1
726.0,-620.0,1,cluster_1
600.0,-534.0,1,cluster_1
755.0,-728.0,1,cluster_1
812.0,-864.0,1,cluster_1
641.0,-417.0,1,cluster_1
757.0,-592.0,1,cluster_1
828.0,-434.0,1,cluster_1
677.0,-700.0,1,cluster_1
751.0,-399.0,1,cluster_1
826.0,-416.0,1,cluster_1
655.0,-642.0,1,cluster_1
620.0,-535.0,1,cluster_1
668.0,-379.0,1,cluster_1
648.0,-680.0,1,cluster_1
580.0,-377.0,1,cluster_1
765.0,-415.0,1,cluster_1
774.0,-481.0,1,cluster_1
622.0,-592.0,1,cluster_1
744.0,-567.0,1,cluster_1
687.0,-869.0,1,cluster_1
757.0,-681.0,1,cluster_1
770.0,-483.0,1,cluster_1
759.0,-539.0,1,cluster_1
679.0,-608.0,1,cluster_1
814.0,-682.0,1,cluster_1
551.0,-670.0,1,cluster_1
777.0,-419.0,1,cluster_1
553.0,-252.0,1,cluster_1
663.0,-607.0,1,cluster_1
637.0,-731.0,1,cluster_1
670.0,-675.0,1,cluster_1
434.0,-580.0,1,cluster_1
793.0,-399.0,1,cluster_1
700.0,-393.0,1,cluster_1
383.0,-528.0,1,cluster_1
527.0,-479.0,1,cluster_1
703.0,-385.0,1,cluster_1
598.0,-523.0,1,cluster_1
702.0,-548.0,1,cluster_1
779.0,-384.0,1,cluster_1
448.0,-461.0,1,cluster_1
636.0,-429.0,1,cluster_1
803.0,-557.0,1,cluster_1
650.0,-603.0,1,cluster_1
753.0,-736.0,1,cluster_1
794.0,-404.0,1,cluster_1
796.0,-405.0,1,cluster_1
793.0,-432.0,1,cluster_1
764.0,-855.0,1,cluster_1
652.0,-679.0,1,cluster_1
774.0,-496.0,1,cluster_1
714.0,-749.0,1,cluster_1
556.0,-485.0,1,cluster_1
791.0,-408.0,1,cluster_1
688.0,-388.0,1,cluster_1
820.0,-695.0,1,cluster_1
691.0,-425.0,1,cluster_1
822.0,-435.0,1,cluster_1
732.0,-704.0,1,cluster_1
627.0,-634.0,1,cluster_1
638.0,-499.0,1,cluster_1
788.0,-486.0,1,cluster_1
742.0,-428.0,1,cluster_1
754.0,-492.0,1,cluster_1
741.0,-670.0,1,cluster_1
797.0,-767.0,1,cluster_1
750.0,-473.0,1,cluster_1
778.0,-421.0,1,cluster_1
775.0,-831.0,1,cluster_1
645.0,-633.0,1,cluster_1
589.0,-715.0,1,cluster_1
772.0,-563.0,1,cluster_1
784.0,-576.0,1,cluster_1
742.0,-413.0,1,cluster_1
680.0,-709.0,1,cluster_1
714.0,-598.0,1,cluster_1
685.0,-404.0,1,cluster_1
683.0,-494.0,1,cluster_1
759.0,-816.0,1,cluster_1
806.0,-388.0,1,cluster_1
716.0,-840.0,1,cluster_1
509.0,-441.0,1,cluster_1
755.0,-787.0,1,cluster_1
757.0,-524.0,1,cluster_1
743.0,-817.0,1,cluster_1
750.0,-610.0,1,cluster_1
728.0,-562.0,1,cluster_1
787.0,-801.0,1,cluster_1
602.0,-403.0,1,cluster_1
661.0,-360.0,1,cluster_1
678.0,-424.0,1,cluster_1
708.0,-697.0,1,cluster_1
700.0,-401.0,1,cluster_1
656.0,-338.0,1,cluster_1
721.0,-602.0,1,cluster_1
855.0,-441.0,1,cluster_1
678.0,-697.0,1,cluster_1
648.0,-883.0,1,cluster_1
786.0,-923.0,1,cluster_1
765.0,-404.0,1,cluster_1
771.0,-647.0,1,cluster_1
764.0,-614.0,1,cluster_1
777.0,-424.0,1,cluster_1
730.0,-748.0,1,cluster_1
645.0,-732.0,1,cluster_1
495.0,-311.0,1,cluster_1
595.0,-295.0,1,cluster_1
761.0,-412.0,1,cluster_1
708.0,-423.0,1,cluster_1
620.0,-762.0,1,cluster_1
772.0,-387.0,1,cluster_1
582.0,-478.0,1,cluster_1
656.0,-706.0,1,cluster_1
838.0,-412.0,1,cluster_1
763.0,-398.0,1,cluster_1
740.0,-413.0,1,cluster_1
760.0,-691.0,1,cluster_1
712.0,-773.0,1,cluster_1
639.0,-592.0,1,cluster_1
728.0,-651.0,1,cluster_1
702.0,-396.0,1,cluster_1
747.0,-756.0,1,cluster_1
614.0,-646.0,1,cluster_1
655.0,-554.0,1,cluster_1
757.0,-537.0,1,cluster_1
731.0,-857.0,1,cluster_1
734.0,-729.0,1,cluster_1
716.0,-769.0,1,cluster_1
788.0,-412.0,1,cluster_1
739.0,-478.0,1,cluster_1
691.0,-333.0,1,cluster_1
601.0,-496.0,1,cluster_1
732.0,-730.0,1,cluster_1
792.0,-447.0,1,cluster_1
798.0,-657.0,1,cluster_1
701.0,-494.0,1,cluster_1
769.0,-390.0,1,cluster_1
771.0,-408.0,1,cluster_1
677.0,-404.0,1,cluster_1
645.0,-769.0,1,cluster_1
757.0,-414.0,1,cluster_1
747.0,-558.0,1,cluster_1
758.0,-390.0,1,cluster_1
772.0,-424.0,1,cluster_1
677.0,-378.0,1,cluster_1
684.0,-452.0,1,cluster_1
681.0,-618.0,1,cluster_1
776.0,-422.0,1,cluster_1
640.0,-496.0,1,cluster_1
669.0,-485.0,1,cluster_1
846.0,-572.0,1,cluster_1
603.0,-563.0,1,cluster_1
681.0,-518.0,1,cluster_1
705.0,-688.0,1,cluster_1
742.0,-741.0,1,cluster_1
710.0,-749.0,1,cluster_1
681.0,-446.0,1,cluster_1
662.0,-569.0,1,cluster_1
691.0,-557.0,1,cluster_1
807.0,-414.0,1,cluster_1
701.0,-386.0,1,cluster_1
759.0,-426.0,1,cluster_1
665.0,-383.0,1,cluster_1
733.0,-475.0,1,cluster_1
751.0,-719.0,1,cluster_1
612.0,-445.0,1,cluster_1
701.0,-599.0,1,cluster_1
676.0,-359.0,1,cluster_1
590.0,-583.0,1,cluster_1
684.0,-408.0,1,cluster_1
713.0,-740.0,1,cluster_1
642.0,-639.0,1,cluster_1
467.0,-468.0,1,cluster_1
687.0,-632.0,1,cluster_1
729.0,-663.0,1,cluster_1
717.0,-596.0,1,cluster_1
833.0,-712.0,1,cluster_1
672.0,-407.0,1,cluster_1
690.0,-424.0,1,cluster_1
708.0,-409.0,1,cluster_1
539.0,-356.0,1,cluster_1
752.0,-423.0,1,cluster_1
897.0,-896.0,1,cluster_1
712.0,-722.0,1,cluster_1
632.0,-444.0,1,cluster_1
678.0,-698.0,1,cluster_1
707.0,-704.0,1,cluster_1
734.0,-760.0,1,cluster_1
768.0,-583.0,1,cluster_1
720.0,-715.0,1,cluster_1
733.0,-417.0,1,cluster_1
662.0,-526.0,1,cluster_1
642.0,-417.0,1,cluster_1
694.0,-527.0,1,cluster_1
661.0,-715.0,1,cluster_1
723.0,-670.0,1,cluster_1
712.0,-765.0,1,cluster_1
576.0,-515.0,1,cluster_1
738.0,-406.0,1,cluster_1
731.0,-592.0,1,cluster_1
876.0,-807.0,1,cluster_1
737.0,-654.0,1,cluster_1
696.0,-672.0,1,cluster_1
630.0,-672.0,1,cluster_1
700.0,-733.0,1,cluster_1
626.0,-489.0,1,cluster_1
762.0,-428.0,1,cluster_1
790.0,-710.0,1,cluster_1
772.0,-491.0,1,cluster_1
711.0,-636.0,1,cluster_1
842.0,-618.0,1,cluster_1
826.0,-757.0,1,cluster_1
698.0,-417.0,1,cluster_1
700.0,-410.0,1,cluster_1
432.0,-325.0,1,cluster_1
726.0,-547.0,1,cluster_1
759.0,-685.0,1,cluster_1
546.0,-407.0,1,cluster_1
742.0,-749.0,1,cluster_1
859.0,-444.0,1,cluster_1
631.0,-576.0,1,cluster_1
649.0,-572.0,1,cluster_1
726.0,-515.0,1,cluster_1
580.0,-549.0,1,cluster_1
643.0,-631.0,1,cluster_1
674.0,-688.0,1,cluster_1
705.0,-406.0,1,cluster_1
746.0,-747.0,1,cluster_1
714.0,-614.0,1,cluster_1
683.0,-784.0,1,cluster_1
739.0,-368.0,1,cluster_1
596.0,-699.0,1,cluster_1
788.0,-904.0,1,cluster_1
706.0,-641.0,1,cluster_1
693.0,-667.0,1,cluster_1
681.0,-703.0,1,cluster_1
716.0,-743.0,1,cluster_1
581.0,-709.0,1,cluster_1
791.0,-779.0,1,cluster_1
558.0,-686.0,1,cluster_1
549.0,-588.0,1,cluster_1
677.0,-623.0,1,cluster_1
553.0,-367.0,1,cluster_1
642.0,-636.0,1,cluster_1
594.0,-749.0,1,cluster_1
667.0,-684.0,1,cluster_1
624.0,-635.0,1,cluster_1
726.0,-428.0,1,cluster_1
705.0,-408.0,1,cluster_1
645.0,-621.0,1,cluster_1
762.0,-824.0,1,cluster_1
722.0,-414.0,1,cluster_1
667.0,-571.0,1,cluster_1
665.0,-733.0,1,cluster_1
368.0,-312.0,1,cluster_1
680.0,-423.0,1,cluster_1
724.0,-512.0,1,cluster_1
757.0,-609.0,1,cluster_1
656.0,-670.0,1,cluster_1
638.0,-431.0,1,cluster_1
637.0,-475.0,1,cluster_1
559.0,-406.0,1,cluster_1
806.0,-483.0,1,cluster_1
885.0,-463.0,1,cluster_1
678.0,-901.0,1,cluster_1
653.0,-397.0,1,cluster_1
833.0,-692.0,1,cluster_1
704.0,-692.0,1,cluster_1
720.0,-776.0,1,cluster_1
594.0,-817.0,1,cluster_1
760.0,-749.0,1,cluster_1
718.0,-666.0,1,cluster_1
821.0,-691.0,1,cluster_1
794.0,-773.0,1,cluster_1
685.0,-551.0,1,cluster_1
678.0,-747.0,1,cluster_1
758.0,-372.0,1,cluster_1
769.0,-413.0,1,cluster_1
777.0,-821.0,1,cluster_1
704.0,-574.0,1,cluster_1
621.0,-584.0,1,cluster_1
668.0,-430.0,1,cluster_1
599.0,-694.0,1,cluster_1
814.0,-593.0,1,cluster_1
688.0,-690.0,1,cluster_1
736.0,-718.0,1,cluster_1
661.0,-633.0,1,cluster_1
704.0,-542.0,1,cluster_1
611.0,-471.0,1,cluster_1
713.0,-662.0,1,cluster_1
777.0,-415.0,1,cluster_1
696.0,-386.0,1,cluster_1
797.0,-389.0,1,cluster_1
786.0,-757.0,1,cluster_1
666.0,-584.0,1,cluster_1
639.0,-616.0,1,cluster_1
792.0,-476.0,1,cluster_1
632.0,-592.0,1,cluster_1
684.0,-640.0,1,cluster_1
608.0,-395.0,1,cluster_1
376.0,-380.0,1,cluster_1
699.0,-398.0,1,cluster_1
617.0,-891.0,1,cluster_1
743.0,-374.0,1,cluster_1
776.0,-422.0,1,cluster_1
690.0,-625.0,1,cluster_1
753.0,-490.0,1,cluster_1
732.0,-494.0,1,cluster_1
688.0,-357.0,1,cluster_1
722.0,-668.0,1,cluster_1
709.0,-491.0,1,cluster_1
800.0,-396.0,1,cluster_1
699.0,-554.0,1,cluster_1
676.0,-761.0,1,cluster_1
706.0,-522.0,1,cluster_1
692.0,-676.0,1,cluster_1
792.0,-360.0,1,cluster_1
624.0,-498.0,1,cluster_1
665.0,-455.0,1,cluster_1
781.0,-677.0,1,cluster_1
780.0,-359.0,1,cluster_1
589.0,-413.0,1,cluster_1
742.0,-421.0,1,cluster_1
845.0,-689.0,1,cluster_1
765.0,-396.0,1,cluster_1
710.0,-693.0,1,cluster_1
653.0,-503.0,1,cluster_1
680.0,-745.0,1,cluster_1
655.0,-547.0,1,cluster_1
752.0,-538.0,1,cluster_1
760.0,-410.0,1,cluster_1
763.0,-399.0,1,cluster_1
702.0,-650.0,1,cluster_1
731.0,-628.0,1,cluster_1
702.0,-396.0,1,cluster_1
736.0,-554.0,1,cluster_1
745.0,-755.0,1,cluster_1
503.0,-412.0,1,cluster_1
720.0,-402.0,1,cluster_1
760.0,-669.0,1,cluster_1
778.0,-621.0,1,cluster_1
571.0,-489.0,1,cluster_1
683.0,-482.0,1,cluster_1
754.0,-457.0,1,cluster_1
791.0,-620.0,1,cluster_1
699.0,-343.0,1,cluster_1
745.0,-615.0,1,cluster_1
676.0,-584.0,1,cluster_1
755.0,-498.0,1,cluster_1
805.0,-760.0,1,cluster_1
545.0,-556.0,1,cluster_1
582.0,-804.0,1,cluster_1
690.0,-412.0,1,cluster_1
714.0,-651.0,1,cluster_1
776.0,-756.0,1,cluster_1
712.0,-424.0,1,cluster_1
708.0,-592.0,1,cluster_1
756.0,-665.0,1,cluster_1
797.0,-410.0,1,cluster_1
654.0,-655.0,1,cluster_1
817.0,-415.0,1,cluster_1
819.0,-540.0,1,cluster_1
809.0,-434.0,1,cluster_1
761.0,-643.0,1,cluster_1
792.0,-420.0,1,cluster_1
759.0,-715.0,1,cluster_1
807.0,-414.0,1,cluster_1
736.0,-404.0,1,cluster_1
688.0,-586.0,1,cluster_1
801.0,-656.0,1,cluster_1
715.0,-413.0,1,cluster_1
686.0,-743.0,1,cluster_1
681.0,-502.0,1,cluster_1
733.0,-447.0,1,cluster_1
655.0,-376.0,1,cluster_1
712.0,-689.0,1,cluster_1
674.0,-301.0,1,cluster_1
647.0,-717.0,1,cluster_1
673.0,-409.0,1,cluster_1
702.0,-704.0,1,cluster_1
838.0,-582.0,1,cluster_1
859.0,-768.0,1,cluster_1
867.0,-877.0,1,cluster_1
643.0,-694.0,1,cluster_1
532.0,-543.0,1,cluster_1
762.0,-395.0,1,cluster_1
720.0,-526.0,1,cluster_1
742.0,-372.0,1,cluster_1
811.0,-419.0,1,cluster_1
755.0,-868.0,1,cluster_1
713.0,-629.0,1,cluster_1
753.0,-578.0,1,cluster_1
739.0,-424.0,1,cluster_1
860.0,-740.0,1,cluster_1
652.0,-377.0,1,cluster_1
781.0,-747.0,1,cluster_1
666.0,-659.0,1,cluster_1
755.0,-409.0,1,cluster_1
655.0,-795.0,1,cluster_1
710.0,-647.0,1,cluster_1
578.0,-520.0,1,cluster_1
761.0,-711.0,1,cluster_1
806.0,-408.0,1,cluster_1
684.0,-780.0,1,cluster_1
751.0,-786.0,1,cluster_1
766.0,-776.0,1,cluster_1
719.0,-944.0,1,cluster_1
738.0,-361.0,1,cluster_1
720.0,-331.0,1,cluster_1
758.0,-501.0,1,cluster_1
759.0,-679.0,1,cluster_1
694.0,-675.0,1,cluster_1
810.0,-388.0,1,cluster_1
663.0,-690.0,1,cluster_1
686.0,-488.0,1,cluster_1
741.0,-664.0,1,cluster_1
576.0,-272.0,1,cluster_1
733.0,-701.0,1,cluster_1
731.0,-732.0,1,cluster_1
814.0,-409.0,1,cluster_1
627.0,-517.0,1,cluster_1
754.0,-597.0,1,cluster_1
530.0,-408.0,1,cluster_1
610.0,-600.0,1,cluster_1
558.0,-570.0,1,cluster_1
717.0,-408.0,1,cluster_1
822.0,-493.0,1,cluster_1
786.0,-917.0,1,cluster_1
590.0,-606.0,1,cluster_1
747.0,-415.0,1,cluster_1
795.0,-398.0,1,cluster_1
794.0,-728.0,1,cluster_1
735.0,-448.0,1,cluster_1
788.0,-491.0,1,cluster_1
694.0,-747.0,1,cluster_1
731.0,-411.0,1,cluster_1
616.0,-653.0,1,cluster_1
668.0,-549.0,1,cluster_1
767.0,-724.0,1,cluster_1
657.0,-663.0,1,cluster_1
602.0,-467.0,1,cluster_1
784.0,-404.0,1,cluster_1
774.0,-756.0,1,cluster_1
809.0,-400.0,1,cluster_1
667.0,-655.0,1,cluster_1
724.0,-789.0,1,cluster_1
730.0,-613.0,1,cluster_1
821.0,-414.0,1,cluster_1
650.0,-398.0,1,cluster_1
686.0,-401.0,1,cluster_1
532.0,-606.0,1,cluster_1
547.0,-653.0,1,cluster_1
655.0,-315.0,1,cluster_1
726.0,-577.0,1,cluster_1
599.0,-446.0,1,cluster_1
743.0,-724.0,1,cluster_1
835.0,-917.0,1,cluster_1
754.0,-386.0,1,cluster_1
722.0,-383.0,1,cluster_1
674.0,-622.0,1,cluster_1
618.0,-651.0,1,cluster_1
738.0,-719.0,1,cluster_1
647.0,-396.0,1,cluster_1
771.0,-517.0,1,cluster_1
709.0,-430.0,1,cluster_1
767.0,-421.0,1,cluster_1
532.0,-339.0,1,cluster_1
611.0,-399.0,1,cluster_1
741.0,-464.0,1,cluster_1
716.0,-392.0,1,cluster_1
746.0,-681.0,1,cluster_1
811.0,-733.0,1,cluster_1
746.0,-404.0,1,cluster_1
745.0,-374.0,1,cluster_1
841.0,-679.0,1,cluster_1
553.0,-484.0,1,cluster_1
597.0,-632.0,1,cluster_1
735.0,-634.0,1,cluster_1
729.0,-639.0,1,cluster_1
715.0,-585.0,1,cluster_1
599.0,-425.0,1,cluster_1
759.0,-423.0,1,cluster_1
442.0,-415.0,1,cluster_1
799.0,-654.0,1,cluster_1
767.0,-411.0,1,cluster_1
725.0,-682.0,1,cluster_1
448.0,-281.0,1,cluster_1
630.0,-553.0,1,cluster_1
482.0,-415.0,1,cluster_1
693.0,-689.0,1,cluster_1
710.0,-534.0,1,cluster_1
679.0,-825.0,1,cluster_1
706.0,-664.0,1,cluster_1
764.0,-655.0,1,cluster_1
819.0,-830.0,1,cluster_1
659.0,-630.0,1,cluster_1
707.0,-542.0,1,cluster_1
682.0,-836.0,1,cluster_1
716.0,-641.0,1,cluster_1
779.0,-459.0,1,cluster_1
751.0,-428.0,1,cluster_1
765.0,-407.0,1,cluster_1
740.0,-788.0,1,cluster_1
612.0,-632.0,1,cluster_1
699.0,-439.0,1,cluster_1
673.0,-585.0,1,cluster_1
806.0,-721.0,1,cluster_1
727.0,-756.0,1,cluster_1
764.0,-797.0,1,cluster_1
736.0,-751.0,1,cluster_1
744.0,-407.0,1,cluster_1
834.0,-826.0,1,cluster_1
783.0,-544.0,1,cluster_1
840.0,-840.0,1,cluster_1
617.0,-693.0,1,cluster_1
628.0,-416.0,1,cluster_1
686.0,-455.0,1,cluster_1
692.0,-399.0,1,cluster_1
615.0,-651.0,1,cluster_1
761.0,-388.0,1,cluster_1
739.0,-690.0,1,cluster_1
662.0,-645.0,1,cluster_1
657.0,-401.0,1,cluster_1
805.0,-430.0,1,cluster_1
708.0,-674.0,1,cluster_1
711.0,-631.0,1,cluster_1
732.0,-610.0,1,cluster_1
747.0,-494.0,1,cluster_1
787.0,-419.0,1,cluster_1
727.0,-397.0,1,cluster_1
738.0,-437.0,1,cluster_1
754.0,-360.0,1,cluster_1
738.0,-440.0,1,cluster_1
779.0,-817.0,1,cluster_1
795.0,-380.0,1,cluster_1
689.0,-570.0,1,cluster_1
787.0,-606.0,1,cluster_1
723.0,-643.0,1,cluster_1
796.0,-770.0,1,cluster_1
753.0,-401.0,1,cluster_1
780.0,-586.0,1,cluster_1
665.0,-487.0,1,cluster_1
753.0,-662.0,1,cluster_1
746.0,-537.0,1,cluster_1
718.0,-393.0,1,cluster_1
682.0,-411.0,1,cluster_1
722.0,-397.0,1,cluster_1
879.0,-730.0,1,cluster_1
609.0,-848.0,1,cluster_1
777.0,-724.0,1,cluster_1
715.0,-426.0,1,cluster_1
633.0,-617.0,1,cluster_1
712.0,-494.0,1,cluster_1
844.0,-670.0,1,cluster_1
785.0,-665.0,1,cluster_1
492.0,-646.0,1,cluster_1
604.0,-689.0,1,cluster_1
776.0,-408.0,1,cluster_1
792.0,-604.0,1,cluster_1
580.0,-528.0,1,cluster_1
688.0,-377.0,1,cluster_1
728.0,-446.0,1,cluster_1
675.0,-837.0,1,cluster_1
817.0,-444.0,1,cluster_1
712.0,-750.0,1,cluster_1
688.0,-504.0,1,cluster_1
735.0,-701.0,1,cluster_1
598.0,-655.0,1,cluster_1
735.0,-619.0,1,cluster_1
674.0,-626.0,1,cluster_1
740.0,-738.0,1,cluster_1
667.0,-626.0,1,cluster_1
601.0,-629.0,1,cluster_1
654.0,-736.0,1,cluster_1
654.0,-380.0,1,cluster_1
645.0,-334.0,1,cluster_1
734.0,-729.0,1,cluster_1
676.0,-392.0,1,cluster_1
753.0,-425.0,1,cluster_1
746.0,-399.0,1,cluster_1
729.0,-535.0,1,cluster_1
668.0,-704.0,1,cluster_1
699.0,-740.0,1,cluster_1
724.0,-639.0,1,cluster_1
735.0,-392.0,1,cluster_1
765.0,-650.0,1,cluster_1
709.0,-594.0,1,cluster_1
739.0,-349.0,1,cluster_1
858.0,-371.0,1,cluster_1
709.0,-685.0,1,cluster_1
680.0,-709.0,1,cluster_1
728.0,-619.0,1,cluster_1
696.0,-411.0,1,cluster_1
676.0,-755.0,1,cluster_1
734.0,-648.0,1,cluster_1
661.0,-711.0,1,cluster_1
643.0,-670.0,1,cluster_1
737.0,-757.0,1,cluster_1
643.0,-587.0,1,cluster_1
683.0,-723.0,1,cluster_1
642.0,-682.0,1,cluster_1
704.0,-595.0,1,cluster_1
797.0,-745.0,1,cluster_1
725.0,-708.0,1,cluster_1
637.0,-582.0,1,cluster_1
634.0,-445.0,1,cluster_1
784.0,-794.0,1,cluster_1
651.0,-676.0,1,cluster_1
710.0,-648.0,1,cluster_1
669.0,-658.0,1,cluster_1
719.0,-561.0,1,cluster_1
750.0,-740.0,1,cluster_1
700.0,-632.0,1,cluster_1
662.0,-783.0,1,cluster_1
776.0,-816.0,1,cluster_1
697.0,-710.0,1,cluster_1
704.0,-725.0,1,cluster_1
676.0,-554.0,1,cluster_1
564.0,-673.0,1,cluster_1
703.0,-717.0,1,cluster_1
783.0,-574.0,1,cluster_1
739.0,-748.0,1,cluster_1
719.0,-627.0,1,cluster_1
714.0,-726.0,1,cluster_1
638.0,-735.0,1,cluster_1
676.0,-552.0,1,cluster_1
677.0,-548.0,1,cluster_1
629.0,-564.0,1,cluster_1
579.0,-694.0,1,cluster_1
755.0,-657.0,1,cluster_1
603.0,-598.0,1,cluster_1
777.0,-767.0,1,cluster_1
812.0,-677.0,1,cluster_1
687.0,-635.0,1,cluster_1
673.0,-707.0,1,cluster_1
652.0,-715.0,1,cluster_1
672.0,-683.0,1,cluster_1
808.0,-617.0,1,cluster_1
726.0,-696.0,1,cluster_1
697.0,-689.0,1,cluster_1
726.0,-687.0,1,cluster_1
713.0,-748.0,1,cluster_1
616.0,-592.0,1,cluster_1
617.0,-629.0,1,cluster_1
739.0,-754.0,1,cluster_1
718.0,-692.0,1,cluster_1
738.0,-798.0,1,cluster_1
638.0,-704.0,1,cluster_1
777.0,-682.0,1,cluster_1
725.0,-675.0,1,cluster_1
731.0,-700.0,1,cluster_1
733.0,-732.0,1,cluster_1
738.0,-672.0,1,cluster_1
691.0,-762.0,1,cluster_1
761.0,-737.0,1,cluster_1
524.0,-487.0,1,cluster_1
694.0,-722.0,1,cluster_1
763.0,-653.0,1,cluster_1
771.0,-495.0,1,cluster_1
718.0,-921.0,1,cluster_1
656.0,-523.0,1,cluster_1
680.0,-643.0,1,cluster_1
775.0,-770.0,1,cluster_1
800.0,-519.0,1,cluster_1
761.0,-682.0,1,cluster_1
706.0,-635.0,1,cluster_1
659.0,-710.0,1,cluster_1
775.0,-750.0,1,cluster_1
597.0,-659.0,1,cluster_1
808.0,-728.0,1,cluster_1
685.0,-738.0,1,cluster_1
648.0,-624.0,1,cluster_1
752.0,-671.0,1,cluster_1
828.0,-780.0,1,cluster_1
630.0,-454.0,1,cluster_1
783.0,-535.0,1,cluster_1
617.0,-585.0,1,cluster_1
551.0,-761.0,1,cluster_1
752.0,-694.0,1,cluster_1
663.0,-779.0,1,cluster_1
663.0,-645.0,1,cluster_1
664.0,-624.0,1,cluster_1
596.0,-652.0,1,cluster_1
673.0,-678.0,1,cluster_1
738.0,-735.0,1,cluster_1
708.0,-782.0,1,cluster_1
679.0,-554.0,1,cluster_1
685.0,-621.0,1,cluster_1
707.0,-585.0,1,cluster_1
743.0,-689.0,1,cluster_1
750.0,-694.0,1,cluster_1
745.0,-599.0,1,cluster_1
706.0,-687.0,1,cluster_1
671.0,-459.0,1,cluster_1
512.0,-651.0,1,cluster_1
532.0,-535.0,1,cluster_1
675.0,-782.0,1,cluster_1
689.0,-779.0,1,cluster_1
722.0,-752.0,1,cluster_1
667.0,-630.0,1,cluster_1
722.0,-752.0,1,cluster_1
751.0,-654.0,1,cluster_1
637.0,-697.0,1,cluster_1
590.0,-290.0,1,cluster_1
781.0,-735.0,1,cluster_1
729.0,-603.0,1,cluster_1
683.0,-578.0,1,cluster_1
749.0,-718.0,1,cluster_1
768.0,-763.0,1,cluster_1
705.0,-621.0,1,cluster_1
773.0,-764.0,1,cluster_1
560.0,-643.0,1,cluster_1
678.0,-659.0,1,cluster_1
512.0,-609.0,1,cluster_1
795.0,-404.0,1,cluster_1
790.0,-482.0,1,cluster_1
733.0,-649.0,1,cluster_1
779.0,-753.0,1,cluster_1
674.0,-708.0,1,cluster_1
642.0,-883.0,1,cluster_1
687.0,-610.0,1,cluster_1
718.0,-562.0,1,cluster_1
861.0,-421.0,1,cluster_1
621.0,-344.0,1,cluster_1
541.0,-279.0,1,cluster_1
583.0,-427.0,1,cluster_1
672.0,-558.0,1,cluster_1
710.0,-587.0,1,cluster_1
513.0,-831.0,1,cluster_1
651.0,-533.0,1,cluster_1
616.0,-625.0,1,cluster_1
671.0,-560.0,1,cluster_1
750.0,-390.0,1,cluster_1
778.0,-415.0,1,cluster_1
695.0,-751.0,1,cluster_1
652.0,-596.0,1,cluster_1
787.0,-403.0,1,cluster_1
723.0,-557.0,1,cluster_1
749.0,-392.0,1,cluster_1
758.0,-545.0,1,cluster_1
713.0,-706.0,1,cluster_1
763.0,-647.0,1,cluster_1
746.0,-692.0,1,cluster_1
728.0,-401.0,1,cluster_1
708.0,-671.0,1,cluster_1
301.0,-437.0,1,cluster_1
768.0,-720.0,1,cluster_1
777.0,-435.0,1,cluster_1
672.0,-548.0,1,cluster_1
779.0,-573.0,1,cluster_1
569.0,-543.0,1,cluster_1
727.0,-586.0,1,cluster_1
689.0,-690.0,1,cluster_1
750.0,-766.0,1,cluster_1
533.0,-466.0,1,cluster_1
684.0,-363.0,1,cluster_1
609.0,-492.0,1,cluster_1
565.0,-509.0,1,cluster_1
680.0,-567.0,1,cluster_1
719.0,-471.0,1,cluster_1
578.0,-321.0,1,cluster_1
504.0,-422.0,1,cluster_1
656.0,-523.0,1,cluster_1
594.0,-555.0,1,cluster_1
804.0,-385.0,1,cluster_1
650.0,-557.0,1,cluster_1
509.0,-494.0,1,cluster_1
731.0,-709.0,1,cluster_1
585.0,-606.0,1,cluster_1
683.0,-684.0,1,cluster_1
657.0,-256.0,1,cluster_1
717.0,-342.0,1,cluster_1
471.0,-513.0,1,cluster_1
774.0,-613.0,1,cluster_1
656.0,-604.0,1,cluster_1
703.0,-689.0,1,cluster_1
717.0,-508.0,1,cluster_1
589.0,-650.0,1,cluster_1
679.0,-675.0,1,cluster_1
699.0,-814.0,1,cluster_1
631.0,-542.0,1,cluster_1
700.0,-487.0,1,cluster_1
775.0,-650.0,1,cluster_1
781.0,-324.0,1,cluster_1
656.0,-593.0,1,cluster_1
567.0,-560.0,1,cluster_1
688.0,-470.0,1,cluster_1
631.0,-390.0,1,cluster_1
770.0,-781.0,1,cluster_1
760.0,-311.0,1,cluster_1
499.0,-474.0,1,cluster_1
727.0,-736.0,1,cluster_1
627.0,-569.0,1,cluster_1
649.0,-588.0,1,cluster_1
665.0,-481.0,1,cluster_1
790.0,-726.0,1,cluster_1
617.0,-623.0,1,cluster_1
743.0,-419.0,1,cluster_1
518.0,-345.0,1,cluster_1
710.0,-308.0,1,cluster_1
683.0,-564.0,1,cluster_1
676.0,-490.0,1,cluster_1
724.0,-767.0,1,cluster_1
774.0,-610.0,1,cluster_1
623.0,-324.0,1,cluster_1
543.0,-580.0,1,cluster_1
613.0,-765.0,1,cluster_1
616.0,-543.0,1,cluster_1
761.0,-564.0,1,cluster_1
689.0,-711.0,1,cluster_1
586.0,-498.0,1,cluster_1
674.0,-696.0,1,cluster_1
755.0,-690.0,1,cluster_1
702.0,-432.0,1,cluster_1
629.0,-491.0,1,cluster_1
740.0,-732.0,1,cluster_1
781.0,-348.0,1,cluster_1
649.0,-337.0,1,cluster_1
473.0,-299.0,1,cluster_1
521.0,-691.0,1,cluster_1
452.0,-298.0,1,cluster_1
766.0,-592.0,1,cluster_1
542.0,-498.0,1,cluster_1
694.0,-706.0,1,cluster_1
566.0,-330.0,1,cluster_1
629.0,-636.0,1,cluster_1
524.0,-536.0,1,cluster_1
721.0,-709.0,1,cluster_1
564.0,-581.0,1,cluster_1
763.0,-386.0,1,cluster_1
772.0,-543.0,1,cluster_1
665.0,-432.0,1,cluster_1
646.0,-446.0,1,cluster_1
468.0,-400.0,1,cluster_1
559.0,-475.0,1,cluster_1
707.0,-462.0,1,cluster_1
706.0,-420.0,1,cluster_1
694.0,-572.0,1,cluster_1
712.0,-742.0,1,cluster_1
710.0,-745.0,1,cluster_1
559.0,-562.0,1,cluster_1
716.0,-657.0,1,cluster_1
664.0,-692.0,1,cluster_1
795.0,-355.0,1,cluster_1
641.0,-664.0,1,cluster_1
651.0,-488.0,1,cluster_1
646.0,-453.0,1,cluster_1
736.0,-583.0,1,cluster_1
610.0,-450.0,1,cluster_1
452.0,-510.0,1,cluster_1
343.0,-599.0,1,cluster_1
620.0,-648.0,1,cluster_1
696.0,-600.0,1,cluster_1
706.0,-618.0,1,cluster_1
646.0,-644.0,1,cluster_1
753.0,-612.0,1,cluster_1
613.0,-410.0,1,cluster_1
769.0,-573.0,1,cluster_1
634.0,-592.0,1,cluster_1
693.0,-596.0,1,cluster_1
652.0,-377.0,1,cluster_1
754.0,-728.0,1,cluster_1
577.0,-473.0,1,cluster_1
351.0,-546.0,1,cluster_1
345.0,-617.0,1,cluster_1
674.0,-444.0,1,cluster_1
486.0,-602.0,1,cluster_1
506.0,-516.0,1,cluster_1
690.0,-656.0,1,cluster_1
702.0,-428.0,1,cluster_1
787.0,-400.0,1,cluster_1
763.0,-699.0,1,cluster_1
527.0,-494.0,1,cluster_1
530.0,-488.0,1,cluster_1
822.0,-655.0,1,cluster_1
853.0,-312.0,1,cluster_1
636.0,-465.0,1,cluster_1
673.0,-678.0,1,cluster_1
694.0,-467.0,1,cluster_1
699.0,-329.0,1,cluster_1
600.0,-560.0,1,cluster_1
789.0,-509.0,1,cluster_1
763.0,-741.0,1,cluster_1
719.0,-367.0,1,cluster_1
676.0,-640.0,1,cluster_1
638.0,-590.0,1,cluster_1
736.0,-752.0,1,cluster_1
805.0,-555.0,1,cluster_1
649.0,-582.0,1,cluster_1
664.0,-571.0,1,cluster_1
566.0,-501.0,1,cluster_1
729.0,-502.0,1,cluster_1
596.0,-610.0,1,cluster_1
693.0,-542.0,1,cluster_1
586.0,-600.0,1,cluster_1
676.0,-308.0,1,cluster_1
664.0,-381.0,1,cluster_1
685.0,-532.0,1,cluster_1
520.0,-517.0,1,cluster_1
620.0,-671.0,1,cluster_1
618.0,-579.0,1,cluster_1
700.0,-395.0,1,cluster_1
664.0,-319.0,1,cluster_1
632.0,-496.0,1,cluster_1
530.0,-510.0,1,cluster_1
376.0,-521.0,1,cluster_1
498.0,-492.0,1,cluster_1
615.0,-527.0,1,cluster_1
684.0,-668.0,1,cluster_1
655.0,-642.0,1,cluster_1
712.0,-710.0,1,cluster_1
478.0,-831.0,1,cluster_1
515.0,-463.0,1,cluster_1
584.0,-665.0,1,cluster_1
461.0,-281.0,1,cluster_1
722.0,-612.0,1,cluster_1
593.0,-557.0,1,cluster_1
744.0,-660.0,1,cluster_1
774.0,-497.0,1,cluster_1
689.0,-581.0,1,cluster_1
721.0,-543.0,1,cluster_1
577.0,-605.0,1,cluster_1
641.0,-492.0,1,cluster_1
452.0,-547.0,1,cluster_1
739.0,-467.0,1,cluster_1
616.0,-583.0,1,cluster_1
677.0,-776.0,1,cluster_1
641.0,-562.0,1,cluster_1
719.0,-493.0,1,cluster_1
616.0,-393.0,1,cluster_1
554.0,-489.0,1,cluster_1
633.0,-394.0,1,cluster_1
611.0,-549.0,1,cluster_1
681.0,-552.0,1,cluster_1
714.0,-769.0,1,cluster_1
674.0,-519.0,1,cluster_1
679.0,-556.0,1,cluster_1
591.0,-412.0,1,cluster_1
619.0,-485.0,1,cluster_1
629.0,-582.0,1,cluster_1
670.0,-561.0,1,cluster_1
458.0,-423.0,1,cluster_1
456.0,-635.0,1,cluster_1
673.0,-261.0,1,cluster_1
795.0,-781.0,1,cluster_1
610.0,-574.0,1,cluster_1
724.0,-682.0,1,cluster_1
606.0,-324.0,1,cluster_1
307.0,-682.0,1,cluster_1
606.0,-649.0,1,cluster_1
634.0,-566.0,1,cluster_1
614.0,-763.0,1,cluster_1
832.0,-387.0,1,cluster_1
584.0,-524.0,1,cluster_1
589.0,-251.0,1,cluster_1
567.0,-393.0,1,cluster_1
669.0,-438.0,1,cluster_1
732.0,-733.0,1,cluster_1
591.0,-658.0,1,cluster_1
678.0,-603.0,1,cluster_1
717.0,-519.0,1,cluster_1
625.0,-612.0,1,cluster_1
507.0,-465.0,1,cluster_1
786.0,-556.0,1,cluster_1
587.0,-460.0,1,cluster_1
670.0,-555.0,1,cluster_1
710.0,-623.0,1,cluster_1
694.0,-549.0,1,cluster_1
722.0,-491.0,1,cluster_1
489.0,-314.0,1,cluster_1
571.0,-509.0,1,cluster_1
547.0,-322.0,1,cluster_1
776.0,-713.0,1,cluster_1
768.0,-544.0,1,cluster_1
465.0,-542.0,1,cluster_1
669.0,-548.0,1,cluster_1
691.0,-538.0,1,cluster_1
681.0,-586.0,1,cluster_1
685.0,-757.0,1,cluster_1
522.0,-651.0,1,cluster_1
836.0,-288.0,1,cluster_1
647.0,-614.0,1,cluster_1
737.0,-742.0,1,cluster_1
565.0,-390.0,1,cluster_1
627.0,-592.0,1,cluster_1
733.0,-320.0,1,cluster_1
648.0,-383.0,1,cluster_1
785.0,-388.0,1,cluster_1
721.0,-282.0,1,cluster_1
625.0,-364.0,1,cluster_1
557.0,-476.0,1,cluster_1
666.0,-646.0,1,cluster_1
748.0,-484.0,1,cluster_1
625.0,-584.0,1,cluster_1
544.0,-503.0,1,cluster_1
651.0,-509.0,1,cluster_1
703.0,-684.0,1,cluster_1
658.0,-558.0,1,cluster_1
669.0,-566.0,1,cluster_1
648.0,-600.0,1,cluster_1
684.0,-471.0,1,cluster_1
672.0,-528.0,1,cluster_1
672.0,-516.0,1,cluster_1
712.0,-579.0,1,cluster_1
671.0,-519.0,1,cluster_1
542.0,-584.0,1,cluster_1
376.0,-390.0,1,cluster_1
678.0,-577.0,1,cluster_1
673.0,-520.0,1,cluster_1
726.0,-541.0,1,cluster_1
666.0,-549.0,1,cluster_1
677.0,-528.0,1,cluster_1
671.0,-676.0,1,cluster_1
775.0,-667.0,1,cluster_1
754.0,-488.0,1,cluster_1
705.0,-639.0,1,cluster_1
566.0,-640.0,1,cluster_1
817.0,-401.0,1,cluster_1
692.0,-411.0,1,cluster_1
685.0,-601.0,1,cluster_1
744.0,-589.0,1,cluster_1
747.0,-713.0,1,cluster_1
677.0,-631.0,1,cluster_1
733.0,-776.0,1,cluster_1
590.0,-545.0,1,cluster_1
740.0,-471.0,1,cluster_1
807.0,-400.0,1,cluster_1
721.0,-617.0,1,cluster_1
647.0,-673.0,1,cluster_1
832.0,-745.0,1,cluster_1
641.0,-689.0,1,cluster_1
507.0,-799.0,1,cluster_1
766.0,-404.0,1,cluster_1
734.0,-537.0,1,cluster_1
792.0,-411.0,1,cluster_1
622.0,-497.0,1,cluster_1
651.0,-712.0,1,cluster_1
580.0,-568.0,1,cluster_1
530.0,-301.0,1,cluster_1
686.0,-388.0,1,cluster_1
504.0,-385.0,1,cluster_1
528.0,-374.0,1,cluster_1
599.0,-624.0,1,cluster_1
789.0,-698.0,1,cluster_1
617.0,-547.0,1,cluster_1
649.0,-732.0,1,cluster_1
617.0,-597.0,1,cluster_1
682.0,-563.0,1,cluster_1
726.0,-422.0,1,cluster_1
688.0,-561.0,1,cluster_1
482.0,-542.0,1,cluster_1
694.0,-742.0,1,cluster_1
760.0,-570.0,1,cluster_1
588.0,-387.0,1,cluster_1
798.0,-416.0,1,cluster_1
750.0,-298.0,1,cluster_1
759.0,-385.0,1,cluster_1
693.0,-507.0,1,cluster_1
778.0,-747.0,1,cluster_1
726.0,-733.0,1,cluster_1
650.0,-564.0,1,cluster_1
714.0,-709.0,1,cluster_1
657.0,-635.0,1,cluster_1
779.0,-708.0,1,cluster_1
637.0,-759.0,1,cluster_1
721.0,-730.0,1,cluster_1
695.0,-826.0,1,cluster_1
696.0,-446.0,1,cluster_1
798.0,-301.0,1,cluster_1
664.0,-715.0,1,cluster_1
593.0,-764.0,1,cluster_1
711.0,-564.0,1,cluster_1
767.0,-383.0,1,cluster_1
594.0,-598.0,1,cluster_1
501.0,-536.0,1,cluster_1
558.0,-285.0,1,cluster_1
670.0,-756.0,1,cluster_1
735.0,-507.0,1,cluster_1
705.0,-620.0,1,cluster_1
732.0,-644.0,1,cluster_1
701.0,-559.0,1,cluster_1
754.0,-631.0,1,cluster_1
711.0,-607.0,1,cluster_1
577.0,-860.0,1,cluster_1
504.0,-469.0,1,cluster_1
745.0,-516.0,1,cluster_1
851.0,-551.0,1,cluster_1
778.0,-396.0,1,cluster_1
621.0,-511.0,1,cluster_1
740.0,-742.0,1,cluster_1
590.0,-665.0,1,cluster_1
705.0,-701.0,1,cluster_1
620.0,-322.0,1,cluster_1
625.0,-600.0,1,cluster_1
728.0,-680.0,1,cluster_1
745.0,-498.0,1,cluster_1
519.0,-527.0,1,cluster_1
669.0,-635.0,1,cluster_1
679.0,-605.0,1,cluster_1
549.0,-662.0,1,cluster_1
730.0,-405.0,1,cluster_1
741.0,-626.0,1,cluster_1
614.0,-623.0,1,cluster_1
697.0,-736.0,1,cluster_1
740.0,-723.0,1,cluster_1
714.0,-847.0,1,cluster_1
727.0,-479.0,1,cluster_1
666.0,-555.0,1,cluster_1
695.0,-540.0,1,cluster_1
722.0,-749.0,1,cluster_1
721.0,-406.0,1,cluster_1
790.0,-726.0,1,cluster_1
752.0,-556.0,1,cluster_1
649.0,-642.0,1,cluster_1
749.0,-404.0,1,cluster_1
760.0,-480.0,1,cluster_1
720.0,-389.0,1,cluster_1
684.0,-398.0,1,cluster_1
713.0,-607.0,1,cluster_1
752.0,-390.0,1,cluster_1
756.0,-548.0,1,cluster_1
880.0,-416.0,1,cluster_1
628.0,-492.0,1,cluster_1
661.0,-810.0,1,cluster_1
773.0,-346.0,1,cluster_1
505.0,-325.0,1,cluster_1
622.0,-644.0,1,cluster_1
786.0,-437.0,1,cluster_1
577.0,-557.0,1,cluster_1
686.0,-429.0,1,cluster_1
731.0,-432.0,1,cluster_1
861.0,-437.0,1,cluster_1
803.0,-435.0,1,cluster_1
621.0,-434.0,1,cluster_1
669.0,-439.0,1,cluster_1
443.0,-507.0,1,cluster_1
798.0,-728.0,1,cluster_1
799.0,-739.0,1,cluster_1
751.0,-488.0,1,cluster_1
740.0,-635.0,1,cluster_1
648.0,-606.0,1,cluster_1
540.0,-582.0,1,cluster_1
555.0,-601.0,1,cluster_1
728.0,-411.0,1,cluster_1
743.0,-648.0,1,cluster_1
653.0,-368.0,1,cluster_1
626.0,-632.0,1,cluster_1
549.0,-557.0,1,cluster_1
819.0,-547.0,1,cluster_1
822.0,-521.0,1,cluster_1
799.0,-410.0,1,cluster_1
790.0,-456.0,1,cluster_1
792.0,-801.0,1,cluster_1
758.0,-731.0,1,cluster_1
702.0,-678.0,1,cluster_1
650.0,-374.0,1,cluster_1
671.0,-615.0,1,cluster_1
820.0,-422.0,1,cluster_1
843.0,-421.0,1,cluster_1
697.0,-436.0,1,cluster_1
743.0,-414.0,1,cluster_1
721.0,-416.0,1,cluster_1
704.0,-489.0,1,cluster_1
774.0,-679.0,1,cluster_1
743.0,-740.0,1,cluster_1
615.0,-718.0,1,cluster_1
636.0,-712.0,1,cluster_1
676.0,-464.0,1,cluster_1
731.0,-728.0,1,cluster_1
598.0,-701.0,1,cluster_1
565.0,-671.0,1,cluster_1
738.0,-662.0,1,cluster_1
811.0,-757.0,1,cluster_1
711.0,-669.0,1,cluster_1
727.0,-695.0,1,cluster_1
615.0,-520.0,1,cluster_1
737.0,-446.0,1,cluster_1
780.0,-670.0,1,cluster_1
649.0,-748.0,1,cluster_1
745.0,-781.0,1,cluster_1
788.0,-409.0,1,cluster_1
636.0,-553.0,1,cluster_1
715.0,-509.0,1,cluster_1
672.0,-584.0,1,cluster_1
800.0,-393.0,1,cluster_1
865.0,-400.0,1,cluster_1
726.0,-757.0,1,cluster_1
833.0,-790.0,1,cluster_1
697.0,-728.0,1,cluster_1
711.0,-664.0,1,cluster_1
767.0,-442.0,1,cluster_1
721.0,-1000.0,1,cluster_1
727.0,-580.0,1,cluster_1
655.0,-741.0,1,cluster_1
800.0,-374.0,1,cluster_1
667.0,-689.0,1,cluster_1
785.0,-803.0,1,cluster_1
712.0,-667.0,1,cluster_1
684.0,-702.0,1,cluster_1
446.0,-415.0,1,cluster_1
745.0,-709.0,1,cluster_1
735.0,-394.0,1,cluster_1
679.0,-635.0,1,cluster_1
612.0,-427.0,1,cluster_1
761.0,-488.0,1,cluster_1
626.0,-593.0,1,cluster_1
625.0,-657.0,1,cluster_1
764.0,-734.0,1,cluster_1
636.0,-411.0,1,cluster_1
724.0,-703.0,1,cluster_1
733.0,-402.0,1,cluster_1
713.0,-431.0,1,cluster_1
741.0,-704.0,1,cluster_1
694.0,-630.0,1,cluster_1
712.0,-676.0,1,cluster_1
695.0,-792.0,1,cluster_1
486.0,-637.0,1,cluster_1
786.0,-386.0,1,cluster_1
658.0,-737.0,1,cluster_1
893.0,-424.0,1,cluster_1
716.0,-712.0,1,cluster_1
610.0,-707.0,1,cluster_1
747.0,-584.0,1,cluster_1
722.0,-654.0,1,cluster_1
697.0,-667.0,1,cluster_1
644.0,-710.0,1,cluster_1
667.0,-507.0,1,cluster_1
453.0,-421.0,1,cluster_1
843.0,-866.0,1,cluster_1
699.0,-634.0,1,cluster_1
730.0,-698.0,1,cluster_1
782.0,-771.0,1,cluster_1
716.0,-400.0,1,cluster_1
709.0,-676.0,1,cluster_1
695.0,-666.0,1,cluster_1
513.0,-354.0,1,cluster_1
490.0,-493.0,1,cluster_1
633.0,-317.0,1,cluster_1
680.0,-609.0,1,cluster_1
858.0,-618.0,1,cluster_1
738.0,-648.0,1,cluster_1
692.0,-714.0,1,cluster_1
604.0,-357.0,1,cluster_1
719.0,-702.0,1,cluster_1
774.0,-578.0,1,cluster_1
767.0,-689.0,1,cluster_1
715.0,-781.0,1,cluster_1
799.0,-742.0,1,cluster_1
773.0,-752.0,1,cluster_1
682.0,-406.0,1,cluster_1
512.0,-657.0,1,cluster_1
708.0,-567.0,1,cluster_1
690.0,-745.0,1,cluster_1
782.0,-360.0,1,cluster_1
735.0,-370.0,1,cluster_1
610.0,-483.0,1,cluster_1
771.0,-679.0,1,cluster_1
794.0,-718.0,1,cluster_1
748.0,-690.0,1,cluster_1
524.0,-520.0,1,cluster_1
664.0,-563.0,1,cluster_1
723.0,-760.0,1,cluster_1
714.0,-601.0,1,cluster_1
682.0,-552.0,1,cluster_1
607.0,-899.0,1,cluster_1
653.0,-628.0,1,cluster_1
782.0,-780.0,1,cluster_1
703.0,-426.0,1,cluster_1
719.0,-541.0,1,cluster_1
735.0,-717.0,1,cluster_1
652.0,-530.0,1,cluster_1
758.0,-694.0,1,cluster_1
575.0,-669.0,1,cluster_1
701.0,-580.0,1,cluster_1
825.0,-420.0,1,cluster_1
678.0,-502.0,1,cluster_1
509.0,-384.0,1,cluster_1
776.0,-707.0,1,cluster_1
588.0,-546.0,1,cluster_1
699.0,-586.0,1,cluster_1
826.0,-681.0,1,cluster_1
695.0,-746.0,1,cluster_1
752.0,-797.0,1,cluster_1
676.0,-401.0,1,cluster_1
642.0,-714.0,1,cluster_1
718.0,-600.0,1,cluster_1
692.0,-647.0,1,cluster_1
656.0,-666.0,1,cluster_1
719.0,-405.0,1,cluster_1
702.0,-628.0,1,cluster_1
619.0,-722.0,1,cluster_1
689.0,-577.0,1,cluster_1
731.0,-345.0,1,cluster_1
668.0,-435.0,1,cluster_1
763.0,-651.0,1,cluster_1
657.0,-535.0,1,cluster_1
712.0,-683.0,1,cluster_1
661.0,-420.0,1,cluster_1
650.0,-486.0,1,cluster_1
789.0,-717.0,1,cluster_1
667.0,-520.0,1,cluster_1
667.0,-520.0,1,cluster_1
681.0,-671.0,1,cluster_1
742.0,-644.0,1,cluster_1
559.0,-599.0,1,cluster_1
751.0,-695.0,1,cluster_1
763.0,-870.0,1,cluster_1
767.0,-388.0,1,cluster_1
801.0,-343.0,1,cluster_1
657.0,-613.0,1,cluster_1
756.0,-626.0,1,cluster_1
840.0,-404.0,1,cluster_1
817.0,-424.0,1,cluster_1
798.0,-401.0,1,cluster_1
746.0,-429.0,1,cluster_1
778.0,-440.0,1,cluster_1
723.0,-387.0,1,cluster_1
749.0,-613.0,1,cluster_1
708.0,-623.0,1,cluster_1
778.0,-776.0,1,cluster_1
673.0,-643.0,1,cluster_1
802.0,-393.0,1,cluster_1
760.0,-394.0,1,cluster_1
586.0,-380.0,1,cluster_1
851.0,-406.0,1,cluster_1
543.0,-413.0,1,cluster_1
784.0,-661.0,1,cluster_1
663.0,-371.0,1,cluster_1
544.0,-413.0,1,cluster_1
549.0,-414.0,1,cluster_1
546.0,-404.0,1,cluster_1
838.0,-426.0,1,cluster_1
821.0,-427.0,1,cluster_1
734.0,-358.0,1,cluster_1
658.0,-466.0,1,cluster_1
775.0,-417.0,1,cluster_1
748.0,-593.0,1,cluster_1
786.0,-382.0,1,cluster_1
693.0,-346.0,1,cluster_1
787.0,-350.0,1,cluster_1
825.0,-619.0,1,cluster_1
632.0,-380.0,1,cluster_1
771.0,-389.0,1,cluster_1
709.0,-298.0,1,cluster_1
681.0,-704.0,1,cluster_1
740.0,-393.0,1,cluster_1
711.0,-388.0,1,cluster_1
701.0,-719.0,1,cluster_1
636.0,-705.0,1,cluster_1
551.0,-417.0,1,cluster_1
703.0,-395.0,1,cluster_1
756.0,-664.0,1,cluster_1
686.0,-345.0,1,cluster_1
559.0,-426.0,1,cluster_1
660.0,-587.0,1,cluster_1
727.0,-386.0,1,cluster_1
558.0,-425.0,1,cluster_1
612.0,-637.0,1,cluster_1
834.0,-605.0,1,cluster_1
746.0,-465.0,1,cluster_1
790.0,-646.0,1,cluster_1
707.0,-637.0,1,cluster_1
725.0,-412.0,1,cluster_1
704.0,-381.0,1,cluster_1
677.0,-683.0,1,cluster_1
732.0,-444.0,1,cluster_1
750.0,-739.0,1,cluster_1
718.0,-436.0,1,cluster_1
775.0,-540.0,1,cluster_1
890.0,-413.0,1,cluster_1
767.0,-713.0,1,cluster_1
841.0,-708.0,1,cluster_1
700.0,-571.0,1,cluster_1
756.0,-608.0,1,cluster_1
772.0,-452.0,1,cluster_1
713.0,-806.0,1,cluster_1
721.0,-388.0,1,cluster_1
688.0,-386.0,1,cluster_1
704.0,-365.0,1,cluster_1
773.0,-423.0,1,cluster_1
592.0,-380.0,1,cluster_1
791.0,-770.0,1,cluster_1
756.0,-347.0,1,cluster_1
811.0,-425.0,1,cluster_1
763.0,-422.0,1,cluster_1
803.0,-595.0,1,cluster_1
827.0,-626.0,1,cluster_1
695.0,-732.0,1,cluster_1
824.0,-599.0,1,cluster_1
866.0,-682.0,1,cluster_1
760.0,-646.0,1,cluster_1
830.0,-445.0,1,cluster_1
746.0,-577.0,1,cluster_1
722.0,-656.0,1,cluster_1
771.0,-707.0,1,cluster_1
644.0,-382.0,1,cluster_1
790.0,-394.0,1,cluster_1
735.0,-393.0,1,cluster_1
782.0,-423.0,1,cluster_1
743.0,-384.0,1,cluster_1
811.0,-431.0,1,cluster_1
655.0,-393.0,1,cluster_1
780.0,-395.0,1,cluster_1
767.0,-636.0,1,cluster_1
679.0,-539.0,1,cluster_1
723.0,-654.0,1,cluster_1
776.0,-781.0,1,cluster_1
749.0,-613.0,1,cluster_1
712.0,-582.0,1,cluster_1
724.0,-566.0,1,cluster_1
741.0,-611.0,1,cluster_1
765.0,-571.0,1,cluster_1
782.0,-754.0,1,cluster_1
694.0,-610.0,1,cluster_1
656.0,-382.0,1,cluster_1
727.0,-384.0,1,cluster_1
738.0,-661.0,1,cluster_1
628.0,-460.0,1,cluster_1
602.0,-897.0,1,cluster_1
668.0,-329.0,1,cluster_1
664.0,-383.0,1,cluster_1
704.0,-402.0,1,cluster_1
828.0,-365.0,1,cluster_1
821.0,-409.0,1,cluster_1
773.0,-733.0,1,cluster_1
733.0,-766.0,1,cluster_1
777.0,-640.0,1,cluster_1
775.0,-674.0,1,cluster_1
674.0,-634.0,1,cluster_1
747.0,-389.0,1,cluster_1
746.0,-387.0,1,cluster_1
677.0,-385.0,1,cluster_1
625.0,-663.0,1,cluster_1
679.0,-728.0,1,cluster_1
725.0,-352.0,1,cluster_1
581.0,-597.0,1,cluster_1
668.0,-650.0,1,cluster_1
674.0,-379.0,1,cluster_1
725.0,-390.0,1,cluster_1
813.0,-424.0,1,cluster_1
713.0,-607.0,1,cluster_1
711.0,-665.0,1,cluster_1
741.0,-729.0,1,cluster_1
698.0,-412.0,1,cluster_1
588.0,-633.0,1,cluster_1
694.0,-786.0,1,cluster_1
657.0,-401.0,1,cluster_1
708.0,-514.0,1,cluster_1
742.0,-784.0,1,cluster_1
453.0,-408.0,1,cluster_1
507.0,-328.0,1,cluster_1
778.0,-387.0,1,cluster_1
705.0,-648.0,1,cluster_1
764.0,-672.0,1,cluster_1
764.0,-720.0,1,cluster_1
434.0,-387.0,1,cluster_1
664.0,-500.0,1,cluster_1
771.0,-749.0,1,cluster_1
564.0,-429.0,1,cluster_1
807.0,-734.0,1,cluster_1
613.0,-620.0,1,cluster_1
683.0,-697.0,1,cluster_1
756.0,-428.0,1,cluster_1
589.0,-610.0,1,cluster_1
714.0,-406.0,1,cluster_1
640.0,-534.0,1,cluster_1
693.0,-647.0,1,cluster_1
800.0,-678.0,1,cluster_1
725.0,-731.0,1,cluster_1
637.0,-698.0,1,cluster_1
550.0,-569.0,1,cluster_1
742.0,-685.0,1,cluster_1
713.0,-416.0,1,cluster_1
836.0,-514.0,1,cluster_1
665.0,-380.0,1,cluster_1
771.0,-705.0,1,cluster_1
769.0,-323.0,1,cluster_1
716.0,-462.0,1,cluster_1
727.0,-392.0,1,cluster_1
762.0,-415.0,1,cluster_1
773.0,-766.0,1,cluster_1
710.0,-738.0,1,cluster_1
734.0,-454.0,1,cluster_1
730.0,-426.0,1,cluster_1
621.0,-719.0,1,cluster_1
660.0,-368.0,1,cluster_1
617.0,-562.0,1,cluster_1
725.0,-486.0,1,cluster_1
562.0,-681.0,1,cluster_1
739.0,-770.0,1,cluster_1
550.0,-542.0,1,cluster_1
791.0,-525.0,1,cluster_1
705.0,-591.0,1,cluster_1
747.0,-647.0,1,cluster_1
693.0,-461.0,1,cluster_1
656.0,-726.0,1,cluster_1
711.0,-680.0,1,cluster_1
672.0,-661.0,1,cluster_1
736.0,-563.0,1,cluster_1
637.0,-587.0,1,cluster_1
699.0,-697.0,1,cluster_1
772.0,-386.0,1,cluster_1
635.0,-427.0,1,cluster_1
721.0,-722.0,1,cluster_1
741.0,-428.0,1,cluster_1
728.0,-433.0,1,cluster_1
789.0,-414.0,1,cluster_1
676.0,-433.0,1,cluster_1
807.0,-757.0,1,cluster_1
758.0,-393.0,1,cluster_1
797.0,-366.0,1,cluster_1
762.0,-388.0,1,cluster_1
684.0,-619.0,1,cluster_1
669.0,-543.0,1,cluster_1
750.0,-390.0,1,cluster_1
760.0,-719.0,1,cluster_1
778.0,-819.0,1,cluster_1
698.0,-810.0,1,cluster_1
665.0,-560.0,1,cluster_1
712.0,-521.0,1,cluster_1
714.0,-806.0,1,cluster_1
757.0,-782.0,1,cluster_1
587.0,-579.0,1,cluster_1
500.0,-480.0,1,cluster_1
580.0,-485.0,1,cluster_1
803.0,-412.0,1,cluster_1
730.0,-396.0,1,cluster_1
780.0,-748.0,1,cluster_1
619.0,-455.0,1,cluster_1
804.0,-774.0,1,cluster_1
858.0,-385.0,1,cluster_1
721.0,-601.0,1,cluster_1
808.0,-810.0,1,cluster_1
843.0,-636.0,1,cluster_1
777.0,-553.0,1,cluster_1
756.0,-386.0,1,cluster_1
824.0,-560.0,1,cluster_1
638.0,-663.0,1,cluster_1
750.0,-826.0,1,cluster_1
874.0,-614.0,1,cluster_1
474.0,-547.0,1,cluster_1
727.0,-372.0,1,cluster_1
784.0,-636.0,1,cluster_1
765.0,-343.0,1,cluster_1
628.0,-408.0,1,cluster_1
559.0,-645.0,1,cluster_1
713.0,-654.0,1,cluster_1
782.0,-601.0,1,cluster_1
721.0,-693.0,1,cluster_1
690.0,-401.0,1,cluster_1
714.0,-534.0,1,cluster_1
823.0,-477.0,1,cluster_1
788.0,-562.0,1,cluster_1
829.0,-848.0,1,cluster_1
599.0,-569.0,1,cluster_1
788.0,-588.0,1,cluster_1
784.0,-427.0,1,cluster_1
744.0,-703.0,1,cluster_1
638.0,-511.0,1,cluster_1
703.0,-341.0,1,cluster_1
741.0,-543.0,1,cluster_1
722.0,-607.0,1,cluster_1
711.0,-473.0,1,cluster_1
508.0,-560.0,1,cluster_1
628.0,-544.0,1,cluster_1
475.0,-650.0,1,cluster_1
659.0,-533.0,1,cluster_1
657.0,-545.0,1,cluster_1
656.0,-407.0,1,cluster_1
814.0,-783.0,1,cluster_1
749.0,-380.0,1,cluster_1
471.0,-571.0,1,cluster_1
654.0,-390.0,1,cluster_1
698.0,-397.0,1,cluster_1
789.0,-397.0,1,cluster_1
740.0,-602.0,1,cluster_1
714.0,-410.0,1,cluster_1
775.0,-480.0,1,cluster_1
670.0,-491.0,1,cluster_1
636.0,-572.0,1,cluster_1
789.0,-336.0,1,cluster_1
694.0,-568.0,1,cluster_1
529.0,-412.0,1,cluster_1
683.0,-433.0,1,cluster_1
649.0,-665.0,1,cluster_1
688.0,-686.0,1,cluster_1
658.0,-360.0,1,cluster_1
751.0,-403.0,1,cluster_1
764.0,-717.0,1,cluster_1
825.0,-533.0,1,cluster_1
735.0,-787.0,1,cluster_1
789.0,-454.0,1,cluster_1
604.0,-577.0,1,cluster_1
662.0,-486.0,1,cluster_1
689.0,-761.0,1,cluster_1
654.0,-661.0,1,cluster_1
694.0,-614.0,1,cluster_1
691.0,-609.0,1,cluster_1
754.0,-794.0,1,cluster_1
612.0,-553.0,1,cluster_1
729.0,-431.0,1,cluster_1
635.0,-639.0,1,cluster_1
660.0,-720.0,1,cluster_1
695.0,-694.0,1,cluster_1
717.0,-586.0,1,cluster_1
838.0,-834.0,1,cluster_1
645.0,-649.0,1,cluster_1
766.0,-594.0,1,cluster_1
612.0,-423.0,1,cluster_1
594.0,-615.0,1,cluster_1
606.0,-607.0,1,cluster_1
890.0,-411.0,1,cluster_1
501.0,-534.0,1,cluster_1
665.0,-638.0,1,cluster_1
606.0,-726.0,1,cluster_1
790.0,-604.0,1,cluster_1
752.0,-563.0,1,cluster_1
711.0,-712.0,1,cluster_1
718.0,-555.0,1,cluster_1
713.0,-657.0,1,cluster_1
628.0,-552.0,1,cluster_1
551.0,-437.0,1,cluster_1
710.0,-366.0,1,cluster_1
811.0,-792.0,1,cluster_1
582.0,-691.0,1,cluster_1
767.0,-674.0,1,cluster_1
738.0,-410.0,1,cluster_1
684.0,-611.0,1,cluster_1
794.0,-337.0,1,cluster_1
771.0,-414.0,1,cluster_1
699.0,-732.0,1,cluster_1
746.0,-648.0,1,cluster_1
763.0,-727.0,1,cluster_1
609.0,-551.0,1,cluster_1
601.0,-402.0,1,cluster_1
769.0,-737.0,1,cluster_1
666.0,-672.0,1,cluster_1
940.0,-795.0,1,cluster_1
727.0,-749.0,1,cluster_1
680.0,-714.0,1,cluster_1
730.0,-783.0,1,cluster_1
688.0,-682.0,1,cluster_1
777.0,-685.0,1,cluster_1
781.0,-385.0,1,cluster_1
638.0,-447.0,1,cluster_1
791.0,-803.0,1,cluster_1
561.0,-400.0,1,cluster_1
783.0,-747.0,1,cluster_1
717.0,-447.0,1,cluster_1
692.0,-517.0,1,cluster_1
607.0,-685.0,1,cluster_1
781.0,-731.0,1,cluster_1
900.0,-422.0,1,cluster_1
723.0,-565.0,1,cluster_1
736.0,-698.0,1,cluster_1
584.0,-672.0,1,cluster_1
720.0,-719.0,1,cluster_1
636.0,-630.0,1,cluster_1
742.0,-710.0,1,cluster_1
667.0,-761.0,1,cluster_1
669.0,-686.0,1,cluster_1
858.0,-895.0,1,cluster_1
679.0,-691.0,1,cluster_1
647.0,-683.0,1,cluster_1
792.0,-602.0,1,cluster_1
775.0,-404.0,1,cluster_1
717.0,-708.0,1,cluster_1
605.0,-531.0,1,cluster_1
701.0,-698.0,1,cluster_1
673.0,-670.0,1,cluster_1
771.0,-738.0,1,cluster_1
662.0,-635.0,1,cluster_1
767.0,-614.0,1,cluster_1
711.0,-707.0,1,cluster_1
753.0,-717.0,1,cluster_1
664.0,-678.0,1,cluster_1
707.0,-350.0,1,cluster_1
728.0,-628.0,1,cluster_1
756.0,-750.0,1,cluster_1
746.0,-555.0,1,cluster_1
701.0,-659.0,1,cluster_1
713.0,-712.0,1,cluster_1
682.0,-713.0,1,cluster_1
676.0,-528.0,1,cluster_1
788.0,-607.0,1,cluster_1
638.0,-664.0,1,cluster_1
667.0,-365.0,1,cluster_1
702.0,-676.0,1,cluster_1
684.0,-757.0,1,cluster_1
668.0,-717.0,1,cluster_1
736.0,-695.0,1,cluster_1
725.0,-710.0,1,cluster_1
632.0,-397.0,1,cluster_1
773.0,-638.0,1,cluster_1
661.0,-497.0,1,cluster_1
675.0,-673.0,1,cluster_1
513.0,-668.0,1,cluster_1
386.0,-455.0,1,cluster_1
647.0,-433.0,1,cluster_1
685.0,-439.0,1,cluster_1
703.0,-738.0,1,cluster_1
709.0,-411.0,1,cluster_1
655.0,-673.0,1,cluster_1
458.0,-289.0,1,cluster_1
732.0,-640.0,1,cluster_1
742.0,-687.0,1,cluster_1
729.0,-775.0,1,cluster_1
760.0,-712.0,1,cluster_1
707.0,-764.0,1,cluster_1
793.0,-470.0,1,cluster_1
639.0,-447.0,1,cluster_1
754.0,-736.0,1,cluster_1
717.0,-676.0,1,cluster_1
764.0,-720.0,1,cluster_1
728.0,-737.0,1,cluster_1
409.0,-452.0,1,cluster_1
741.0,-687.0,1,cluster_1
810.0,-384.0,1,cluster_1
644.0,-643.0,1,cluster_1
765.0,-787.0,1,cluster_1
806.0,-433.0,1,cluster_1
739.0,-767.0,1,cluster_1
677.0,-388.0,1,cluster_1
742.0,-444.0,1,cluster_1
689.0,-402.0,1,cluster_1
597.0,-664.0,1,cluster_1
669.0,-389.0,1,cluster_1
575.0,-335.0,1,cluster_1
844.0,-676.0,1,cluster_1
737.0,-590.0,1,cluster_1
723.0,-445.0,1,cluster_1
694.0,-679.0,1,cluster_1
581.0,-598.0,1,cluster_1
713.0,-629.0,1,cluster_1
703.0,-625.0,1,cluster_1
578.0,-746.0,1,cluster_1
723.0,-726.0,1,cluster_1
720.0,-710.0,1,cluster_1
740.0,-738.0,1,cluster_1
633.0,-402.0,1,cluster_1
583.0,-400.0,1,cluster_1
691.0,-422.0,1,cluster_1
662.0,-644.0,1,cluster_1
571.0,-398.0,1,cluster_1
484.0,-463.0,1,cluster_1
735.0,-657.0,1,cluster_1
685.0,-417.0,1,cluster_1
690.0,-758.0,1,cluster_1
668.0,-541.0,1,cluster_1
433.0,-515.0,1,cluster_1
681.0,-410.0,1,cluster_1
669.0,-659.0,1,cluster_1
729.0,-553.0,1,cluster_1
636.0,-315.0,1,cluster_1
603.0,-585.0,1,cluster_1
589.0,-354.0,1,cluster_1
724.0,-680.0,1,cluster_1
605.0,-939.0,1,cluster_1
590.0,-695.0,1,cluster_1
665.0,-415.0,1,cluster_1
686.0,-417.0,1,cluster_1
780.0,-393.0,1,cluster_1
665.0,-415.0,1,cluster_1
685.0,-674.0,1,cluster_1
779.0,-488.0,1,cluster_1
657.0,-741.0,1,cluster_1
729.0,-681.0,1,cluster_1
675.0,-518.0,1,cluster_1
740.0,-762.0,1,cluster_1
776.0,-398.0,1,cluster_1
753.0,-379.0,1,cluster_1
846.0,-428.0,1,cluster_1
704.0,-579.0,1,cluster_1
704.0,-650.0,1,cluster_1
711.0,-412.0,1,cluster_1
716.0,-710.0,1,cluster_1
788.0,-418.0,1,cluster_1
484.0,-782.0,1,cluster_1
721.0,-386.0,1,cluster_1
781.0,-715.0,1,cluster_1
550.0,-430.0,1,cluster_1
532.0,-365.0,1,cluster_1
705.0,-692.0,1,cluster_1
708.0,-497.0,1,cluster_1
596.0,-716.0,1,cluster_1
768.0,-421.0,1,cluster_1
641.0,-473.0,1,cluster_1
629.0,-505.0,1,cluster_1
667.0,-745.0,1,cluster_1
509.0,-589.0,1,cluster_1
723.0,-736.0,1,cluster_1
629.0,-720.0,1,cluster_1
673.0,-743.0,1,cluster_1
622.0,-647.0,1,cluster_1
771.0,-662.0,1,cluster_1
766.0,-674.0,1,cluster_1
705.0,-627.0,1,cluster_1
788.0,-564.0,1,cluster_1
669.0,-641.0,1,cluster_1
837.0,-673.0,1,cluster_1
657.0,-423.0,1,cluster_1
771.0,-685.0,1,cluster_1
804.0,-739.0,1,cluster_1
696.0,-670.0,1,cluster_1
558.0,-411.0,1,cluster_1
853.0,-818.0,1,cluster_1
736.0,-764.0,1,cluster_1
597.0,-640.0,1,cluster_1
699.0,-463.0,1,cluster_1
715.0,-859.0,1,cluster_1
618.0,-710.0,1,cluster_1
764.0,-411.0,1,cluster_1
795.0,-725.0,1,cluster_1
742.0,-555.0,1,cluster_1
592.0,-667.0,1,cluster_1
765.0,-537.0,1,cluster_1
656.0,-697.0,1,cluster_1
689.0,-637.0,1,cluster_1
731.0,-491.0,1,cluster_1
625.0,-550.0,1,cluster_1
745.0,-704.0,1,cluster_1
669.0,-640.0,1,cluster_1
633.0,-302.0,1,cluster_1
591.0,-479.0,1,cluster_1
571.0,-460.0,1,cluster_1
642.0,-412.0,1,cluster_1
548.0,-553.0,1,cluster_1
734.0,-537.0,1,cluster_1
748.0,-364.0,1,cluster_1
618.0,-548.0,1,cluster_1
780.0,-643.0,1,cluster_1
618.0,-614.0,1,cluster_1
645.0,-461.0,1,cluster_1
517.0,-283.0,1,cluster_1
745.0,-678.0,1,cluster_1
684.0,-718.0,1,cluster_1
625.0,-519.0,1,cluster_1
642.0,-589.0,1,cluster_1
744.0,-379.0,1,cluster_1
763.0,-442.0,1,cluster_1
755.0,-627.0,1,cluster_1
543.0,-503.0,1,cluster_1
588.0,-667.0,1,cluster_1
613.0,-514.0,1,cluster_1
566.0,-503.0,1,cluster_1
646.0,-625.0,1,cluster_1
733.0,-432.0,1,cluster_1
659.0,-533.0,1,cluster_1
334.0,-466.0,1,cluster_1
613.0,-599.0,1,cluster_1
772.0,-719.0,1,cluster_1
637.0,-347.0,1,cluster_1
782.0,-678.0,1,cluster_1
606.0,-603.0,1,cluster_1
790.0,-774.0,1,cluster_1
750.0,-703.0,1,cluster_1
753.0,-294.0,1,cluster_1
625.0,-729.0,1,cluster_1
660.0,-647.0,1,cluster_1
562.0,-515.0,1,cluster_1
735.0,-892.0,1,cluster_1
621.0,-403.0,1,cluster_1
615.0,-381.0,1,cluster_1
634.0,-526.0,1,cluster_1
690.0,-474.0,1,cluster_1
805.0,-614.0,1,cluster_1
727.0,-430.0,1,cluster_1
779.0,-581.0,1,cluster_1
615.0,-817.0,1,cluster_1
625.0,-673.0,1,cluster_1
654.0,-415.0,1,cluster_1
630.0,-545.0,1,cluster_1
618.0,-416.0,1,cluster_1
658.0,-643.0,1,cluster_1
695.0,-657.0,1,cluster_1
660.0,-504.0,1,cluster_1
596.0,-567.0,1,cluster_1
706.0,-879.0,1,cluster_1
339.0,-514.0,1,cluster_1
806.0,-767.0,1,cluster_1
602.0,-565.0,1,cluster_1
660.0,-514.0,1,cluster_1
733.0,-592.0,1,cluster_1
772.0,-682.0,1,cluster_1
715.0,-479.0,1,cluster_1
819.0,-613.0,1,cluster_1
691.0,-478.0,1,cluster_1
655.0,-548.0,1,cluster_1
687.0,-430.0,1,cluster_1
524.0,-440.0,1,cluster_1
673.0,-555.0,1,cluster_1
864.0,-420.0,1,cluster_1
707.0,-296.0,1,cluster_1
609.0,-528.0,1,cluster_1
756.0,-760.0,1,cluster_1
670.0,-821.0,1,cluster_1
585.0,-649.0,1,cluster_1
820.0,-676.0,1,cluster_1
583.0,-643.0,1,cluster_1
514.0,-601.0,1,cluster_1
729.0,-780.0,1,cluster_1
607.0,-362.0,1,cluster_1
579.0,-406.0,1,cluster_1
536.0,-494.0,1,cluster_1
596.0,-567.0,1,cluster_1
865.0,-427.0,1,cluster_1
720.0,-616.0,1,cluster_1
717.0,-717.0,1,cluster_1
816.0,-771.0,1,cluster_1
832.0,-910.0,1,cluster_1
740.0,-447.0,1,cluster_1
689.0,-594.0,1,cluster_1
602.0,-766.0,1,cluster_1
364.0,-256.0,1,cluster_1
587.0,-502.0,1,cluster_1
791.0,-397.0,1,cluster_1
711.0,-605.0,1,cluster_1
757.0,-464.0,1,cluster_1
631.0,-441.0,1,cluster_1
753.0,-628.0,1,cluster_1
493.0,-284.0,1,cluster_1
598.0,-504.0,1,cluster_1
652.0,-643.0,1,cluster_1
703.0,-698.0,1,cluster_1
692.0,-424.0,1,cluster_1
687.0,-597.0,1,cluster_1
826.0,-879.0,1,cluster_1
660.0,-403.0,1,cluster_1
619.0,-505.0,1,cluster_1
719.0,-745.0,1,cluster_1
638.0,-886.0,1,cluster_1
520.0,-565.0,1,cluster_1
656.0,-504.0,1,cluster_1
542.0,-686.0,1,cluster_1
640.0,-694.0,1,cluster_1
713.0,-468.0,1,cluster_1
515.0,-535.0,1,cluster_1
761.0,-358.0,1,cluster_1
579.0,-658.0,1,cluster_1
824.0,-512.0,1,cluster_1
689.0,-689.0,1,cluster_1
764.0,-662.0,1,cluster_1
651.0,-642.0,1,cluster_1
540.0,-673.0,1,cluster_1
657.0,-549.0,1,cluster_1
702.0,-359.0,1,cluster_1
776.0,-930.0,1,cluster_1
765.0,-712.0,1,cluster_1
710.0,-624.0,1,cluster_1
641.0,-724.0,1,cluster_1
747.0,-387.0,1,cluster_1
647.0,-431.0,1,cluster_1
757.0,-700.0,1,cluster_1
822.0,-679.0,1,cluster_1
523.0,-580.0,1,cluster_1
682.0,-641.0,1,cluster_1
646.0,-415.0,1,cluster_1
705.0,-561.0,1,cluster_1
685.0,-661.0,1,cluster_1
517.0,-595.0,1,cluster_1
786.0,-448.0,1,cluster_1
586.0,-310.0,1,cluster_1
708.0,-614.0,1,cluster_1
688.0,-357.0,1,cluster_1
845.0,-414.0,1,cluster_1
739.0,-398.0,1,cluster_1
760.0,-619.0,1,cluster_1
674.0,-518.0,1,cluster_1
724.0,-383.0,1,cluster_1
867.0,-434.0,1,cluster_1
804.0,-466.0,1,cluster_1
674.0,-622.0,1,cluster_1
491.0,-467.0,1,cluster_1
726.0,-610.0,1,cluster_1
779.0,-399.0,1,cluster_1
770.0,-722.0,1,cluster_1
666.0,-711.0,1,cluster_1
704.0,-562.0,1,cluster_1
721.0,-574.0,1,cluster_1
652.0,-605.0,1,cluster_1
631.0,-408.0,1,cluster_1
709.0,-352.0,1,cluster_1
811.0,-425.0,1,cluster_1
781.0,-609.0,1,cluster_1
599.0,-516.0,1,cluster_1
752.0,-381.0,1,cluster_1
575.0,-417.0,1,cluster_1
753.0,-744.0,1,cluster_1
740.0,-683.0,1,cluster_1
678.0,-589.0,1,cluster_1
723.0,-418.0,1,cluster_1
652.0,-649.0,1,cluster_1
715.0,-462.0,1,cluster_1
706.0,-405.0,1,cluster_1
750.0,-380.0,1,cluster_1
765.0,-390.0,1,cluster_1
681.0,-419.0,1,cluster_1
655.0,-586.0,1,cluster_1
762.0,-602.0,1,cluster_1
564.0,-381.0,1,cluster_1
762.0,-691.0,1,cluster_1
478.0,-675.0,1,cluster_1
686.0,-667.0,1,cluster_1
841.0,-708.0,1,cluster_1
710.0,-702.0,1,cluster_1
757.0,-647.0,1,cluster_1
736.0,-686.0,1,cluster_1
701.0,-459.0,1,cluster_1
765.0,-427.0,1,cluster_1
680.0,-633.0,1,cluster_1
688.0,-758.0,1,cluster_1
735.0,-361.0,1,cluster_1
705.0,-573.0,1,cluster_1
695.0,-501.0,1,cluster_1
753.0,-504.0,1,cluster_1
727.0,-644.0,1,cluster_1
602.0,-621.0,1,cluster_1
757.0,-730.0,1,cluster_1
562.0,-515.0,1,cluster_1
541.0,-393.0,1,cluster_1
622.0,-498.0,1,cluster_1
695.0,-859.0,1,cluster_1
761.0,-382.0,1,cluster_1
687.0,-620.0,1,cluster_1
592.0,-564.0,1,cluster_1
725.0,-722.0,1,cluster_1
696.0,-637.0,1,cluster_1
728.0,-698.0,1,cluster_1
671.0,-669.0,1,cluster_1
617.0,-438.0,1,cluster_1
646.0,-605.0,1,cluster_1
710.0,-864.0,1,cluster_1
702.0,-408.0,1,cluster_1
632.0,-475.0,1,cluster_1
667.0,-383.0,1,cluster_1
531.0,-583.0,1,cluster_1
646.0,-666.0,1,cluster_1
489.0,-534.0,1,cluster_1
463.0,-538.0,1,cluster_1
743.0,-591.0,1,cluster_1
650.0,-712.0,1,cluster_1
730.0,-756.0,1,cluster_1
737.0,-459.0,1,cluster_1
522.0,-465.0,1,cluster_1
501.0,-468.0,1,cluster_1
700.0,-441.0,1,cluster_1
740.0,-509.0,1,cluster_1
654.0,-414.0,1,cluster_1
733.0,-362.0,1,cluster_1
695.0,-451.0,1,cluster_1
772.0,-391.0,1,cluster_1
732.0,-671.0,1,cluster_1
643.0,-629.0,1,cluster_1
830.0,-419.0,1,cluster_1
723.0,-384.0,1,cluster_1
668.0,-265.0,1,cluster_1
688.0,-578.0,1,cluster_1
729.0,-578.0,1,cluster_1
826.0,-536.0,1,cluster_1
598.0,-759.0,1,cluster_1
652.0,-677.0,1,cluster_1
663.0,-646.0,1,cluster_1
671.0,-640.0,1,cluster_1
652.0,-707.0,1,cluster_1
575.0,-323.0,1,cluster_1
627.0,-579.0,1,cluster_1
767.0,-501.0,1,cluster_1
769.0,-406.0,1,cluster_1
661.0,-645.0,1,cluster_1
699.0,-613.0,1,cluster_1
830.0,-432.0,1,cluster_1
659.0,-731.0,1,cluster_1
617.0,-617.0,1,cluster_1
684.0,-430.0,1,cluster_1
661.0,-691.0,1,cluster_1
453.0,-503.0,1,cluster_1
577.0,-586.0,1,cluster_1
682.0,-532.0,1,cluster_1
720.0,-586.0,1,cluster_1
621.0,-611.0,1,cluster_1
519.0,-719.0,1,cluster_1
669.0,-714.0,1,cluster_1
686.0,-437.0,1,cluster_1
695.0,-580.0,1,cluster_1
656.0,-602.0,1,cluster_1
762.0,-517.0,1,cluster_1
704.0,-615.0,1,cluster_1
581.0,-541.0,1,cluster_1
698.0,-646.0,1,cluster_1
600.0,-562.0,1,cluster_1
519.0,-549.0,1,cluster_1
616.0,-378.0,1,cluster_1
796.0,-444.0,1,cluster_1
565.0,-412.0,1,cluster_1
801.0,-755.0,1,cluster_1
875.0,-469.0,1,cluster_1
639.0,-432.0,1,cluster_1
700.0,-699.0,1,cluster_1
778.0,-437.0,1,cluster_1
575.0,-486.0,1,cluster_1
508.0,-813.0,1,cluster_1
446.0,-448.0,1,cluster_1
768.0,-788.0,1,cluster_1
595.0,-578.0,1,cluster_1
818.0,-612.0,1,cluster_1
566.0,-601.0,1,cluster_1
746.0,-797.0,1,cluster_1
769.0,-394.0,1,cluster_1
534.0,-411.0,1,cluster_1
552.0,-444.0,1,cluster_1
591.0,-548.0,1,cluster_1
885.0,-562.0,1,cluster_1
774.0,-765.0,1,cluster_1
770.0,-567.0,1,cluster_1
648.0,-631.0,1,cluster_1
617.0,-528.0,1,cluster_1
748.0,-406.0,1,cluster_1
616.0,-538.0,1,cluster_1
698.0,-665.0,1,cluster_1
652.0,-640.0,1,cluster_1
654.0,-729.0,1,cluster_1
679.0,-395.0,1,cluster_1
635.0,-561.0,1,cluster_1
613.0,-529.0,1,cluster_1
688.0,-405.0,1,cluster_1
686.0,-403.0,1,cluster_1
664.0,-562.0,1,cluster_1
742.0,-409.0,1,cluster_1
564.0,-614.0,1,cluster_1
736.0,-410.0,1,cluster_1
573.0,-619.0,1,cluster_1
591.0,-332.0,1,cluster_1
656.0,-701.0,1,cluster_1
759.0,-482.0,1,cluster_1
602.0,-492.0,1,cluster_1
725.0,-526.0,1,cluster_1
628.0,-472.0,1,cluster_1
671.0,-883.0,1,cluster_1
684.0,-663.0,1,cluster_1
708.0,-565.0,1,cluster_1
612.0,-432.0,1,cluster_1
670.0,-589.0,1,cluster_1
723.0,-659.0,1,cluster_1
706.0,-390.0,1,cluster_1
678.0,-396.0,1,cluster_1
461.0,-634.0,1,cluster_1
680.0,-725.0,1,cluster_1
687.0,-720.0,1,cluster_1
763.0,-578.0,1,cluster_1
696.0,-779.0,1,cluster_1
833.0,-692.0,1,cluster_1
676.0,-659.0,1,cluster_1
836.0,-747.0,1,cluster_1
690.0,-638.0,1,cluster_1
703.0,-717.0,1,cluster_1
790.0,-414.0,1,cluster_1
816.0,-681.0,1,cluster_1
759.0,-789.0,1,cluster_1
706.0,-679.0,1,cluster_1
579.0,-749.0,1,cluster_1
721.0,-589.0,1,cluster_1
753.0,-676.0,1,cluster_1
787.0,-461.0,1,cluster_1
646.0,-663.0,1,cluster_1
695.0,-752.0,1,cluster_1
767.0,-691.0,1,cluster_1
661.0,-759.0,1,cluster_1
691.0,-566.0,1,cluster_1
620.0,-627.0,1,cluster_1
722.0,-404.0,1,cluster_1
798.0,-743.0,1,cluster_1
735.0,-374.0,1,cluster_1
774.0,-422.0,1,cluster_1
804.0,-426.0,1,cluster_1
713.0,-712.0,1,cluster_1
878.0,-544.0,1,cluster_1
737.0,-672.0,1,cluster_1
586.0,-646.0,1,cluster_1
736.0,-538.0,1,cluster_1
722.0,-630.0,1,cluster_1
414.0,-543.0,1,cluster_1
760.0,-774.0,1,cluster_1
725.0,-699.0,1,cluster_1
705.0,-567.0,1,cluster_1
657.0,-580.0,1,cluster_1
750.0,-646.0,1,cluster_1
730.0,-416.0,1,cluster_1
819.0,-406.0,1,cluster_1
692.0,-415.0,1,cluster_1
667.0,-387.0,1,cluster_1
700.0,-417.0,1,cluster_1
675.0,-421.0,1,cluster_1
680.0,-409.0,1,cluster_1
641.0,-633.0,1,cluster_1
647.0,-431.0,1,cluster_1
776.0,-779.0,1,cluster_1
695.0,-707.0,1,cluster_1
800.0,-791.0,1,cluster_1
856.0,-404.0,1,cluster_1
711.0,-557.0,1,cluster_1
589.0,-428.0,1,cluster_1
811.0,-788.0,1,cluster_1
722.0,-863.0,1,cluster_1
776.0,-413.0,1,cluster_1
706.0,-467.0,1,cluster_1
787.0,-460.0,1,cluster_1
788.0,-407.0,1,cluster_1
702.0,-387.0,1,cluster_1
618.0,-398.0,1,cluster_1
901.0,-398.0,1,cluster_1
674.0,-470.0,1,cluster_1
709.0,-560.0,1,cluster_1
662.0,-672.0,1,cluster_1
715.0,-691.0,1,cluster_1
697.0,-717.0,1,cluster_1
625.0,-581.0,1,cluster_1
660.0,-813.0,1,cluster_1
649.0,-517.0,1,cluster_1
708.0,-672.0,1,cluster_1
772.0,-394.0,1,cluster_1
521.0,-584.0,1,cluster_1
682.0,-656.0,1,cluster_1
629.0,-390.0,1,cluster_1
655.0,-642.0,1,cluster_1
704.0,-697.0,1,cluster_1
675.0,-579.0,1,cluster_1
669.0,-363.0,1,cluster_1
629.0,-458.0,1,cluster_1
697.0,-601.0,1,cluster_1
650.0,-642.0,1,cluster_1
781.0,-919.0,1,cluster_1
698.0,-634.0,1,cluster_1
674.0,-478.0,1,cluster_1
742.0,-439.0,1,cluster_1
690.0,-648.0,1,cluster_1
662.0,-661.0,1,cluster_1
667.0,-689.0,1,cluster_1
727.0,-706.0,1,cluster_1
634.0,-479.0,1,cluster_1
794.0,-381.0,1,cluster_1
792.0,-559.0,1,cluster_1
685.0,-681.0,1,cluster_1
679.0,-580.0,1,cluster_1
770.0,-399.0,1,cluster_1
878.0,-372.0,1,cluster_1
748.0,-412.0,1,cluster_1
746.0,-680.0,1,cluster_1
752.0,-435.0,1,cluster_1
802.0,-771.0,1,cluster_1
690.0,-636.0,1,cluster_1
503.0,-472.0,1,cluster_1
674.0,-728.0,1,cluster_1
798.0,-593.0,1,cluster_1
695.0,-819.0,1,cluster_1
773.0,-501.0,1,cluster_1
773.0,-423.0,1,cluster_1
696.0,-425.0,1,cluster_1
705.0,-425.0,1,cluster_1
696.0,-396.0,1,cluster_1
733.0,-695.0,1,cluster_1
810.0,-428.0,1,cluster_1
784.0,-910.0,1,cluster_1
830.0,-539.0,1,cluster_1
801.0,-444.0,1,cluster_1
660.0,-608.0,1,cluster_1
655.0,-779.0,1,cluster_1
687.0,-798.0,1,cluster_1
810.0,-418.0,1,cluster_1
843.0,-435.0,1,cluster_1
734.0,-474.0,1,cluster_1
846.0,-427.0,1,cluster_1
718.0,-654.0,1,cluster_1
786.0,-752.0,1,cluster_1
654.0,-535.0,1,cluster_1
749.0,-594.0,1,cluster_1
707.0,-710.0,1,cluster_1
756.0,-732.0,1,cluster_1
800.0,-765.0,1,cluster_1
776.0,-752.0,1,cluster_1
884.0,-478.0,1,cluster_1
623.0,-565.0,1,cluster_1
824.0,-420.0,1,cluster_1
808.0,-427.0,1,cluster_1
725.0,-714.0,1,cluster_1
818.0,-458.0,1,cluster_1
638.0,-375.0,1,cluster_1
724.0,-358.0,1,cluster_1
776.0,-416.0,1,cluster_1
787.0,-398.0,1,cluster_1
642.0,-479.0,1,cluster_1
745.0,-406.0,1,cluster_1
748.0,-827.0,1,cluster_1
700.0,-766.0,1,cluster_1
624.0,-552.0,1,cluster_1
643.0,-568.0,1,cluster_1
693.0,-391.0,1,cluster_1
716.0,-448.0,1,cluster_1
784.0,-405.0,1,cluster_1
928.0,-603.0,1,cluster_1
777.0,-438.0,1,cluster_1
602.0,-516.0,1,cluster_1
767.0,-394.0,1,cluster_1
762.0,-378.0,1,cluster_1
768.0,-420.0,1,cluster_1
770.0,-388.0,1,cluster_1
578.0,-358.0,1,cluster_1
787.0,-484.0,1,cluster_1
784.0,-497.0,1,cluster_1
782.0,-414.0,1,cluster_1
778.0,-748.0,1,cluster_1
734.0,-434.0,1,cluster_1
802.0,-389.0,1,cluster_1
696.0,-522.0,1,cluster_1
740.0,-444.0,1,cluster_1
755.0,-588.0,1,cluster_1
663.0,-418.0,1,cluster_1
743.0,-417.0,1,cluster_1
710.0,-541.0,1,cluster_1
620.0,-570.0,1,cluster_1
582.0,-461.0,1,cluster_1
635.0,-526.0,1,cluster_1
729.0,-673.0,1,cluster_1
627.0,-679.0,1,cluster_1
698.0,-712.0,1,cluster_1
761.0,-536.0,1,cluster_1
601.0,-692.0,1,cluster_1
602.0,-384.0,1,cluster_1
616.0,-752.0,1,cluster_1
723.0,-438.0,1,cluster_1
601.0,-553.0,1,cluster_1
722.0,-474.0,1,cluster_1
785.0,-408.0,1,cluster_1
852.0,-535.0,1,cluster_1
754.0,-416.0,1,cluster_1
851.0,-431.0,1,cluster_1
797.0,-403.0,1,cluster_1
741.0,-420.0,1,cluster_1
807.0,-414.0,1,cluster_1
819.0,-555.0,1,cluster_1
746.0,-758.0,1,cluster_1
561.0,-588.0,1,cluster_1
633.0,-589.0,1,cluster_1
717.0,-685.0,1,cluster_1
776.0,-677.0,1,cluster_1
761.0,-714.0,1,cluster_1
699.0,-666.0,1,cluster_1
708.0,-555.0,1,cluster_1
543.0,-521.0,1,cluster_1
662.0,-499.0,1,cluster_1
844.0,-775.0,1,cluster_1
674.0,-771.0,1,cluster_1
763.0,-639.0,1,cluster_1
819.0,-561.0,1,cluster_1
802.0,-413.0,1,cluster_1
785.0,-581.0,1,cluster_1
737.0,-528.0,1,cluster_1
767.0,-763.0,1,cluster_1
706.0,-470.0,1,cluster_1
562.0,-571.0,1,cluster_1
770.0,-778.0,1,cluster_1
709.0,-617.0,1,cluster_1
688.0,-671.0,1,cluster_1
557.0,-310.0,1,cluster_1
759.0,-414.0,1,cluster_1
652.0,-422.0,1,cluster_1
771.0,-407.0,1,cluster_1
772.0,-435.0,1,cluster_1
737.0,-417.0,1,cluster_1
817.0,-445.0,1,cluster_1
575.0,-561.0,1,cluster_1
682.0,-415.0,1,cluster_1
657.0,-687.0,1,cluster_1
734.0,-701.0,1,cluster_1
699.0,-706.0,1,cluster_1
672.0,-603.0,1,cluster_1
779.0,-722.0,1,cluster_1
720.0,-752.0,1,cluster_1
551.0,-552.0,1,cluster_1
663.0,-331.0,1,cluster_1
526.0,-557.0,1,cluster_1
629.0,-495.0,1,cluster_1
740.0,-400.0,1,cluster_1
747.0,-555.0,1,cluster_1
656.0,-313.0,1,cluster_1
691.0,-682.0,1,cluster_1
804.0,-409.0,1,cluster_1
802.0,-827.0,1,cluster_1
692.0,-873.0,1,cluster_1
704.0,-687.0,1,cluster_1
696.0,-793.0,1,cluster_1
745.0,-795.0,1,cluster_1
813.0,-716.0,1,cluster_1
779.0,-790.0,1,cluster_1
811.0,-411.0,1,cluster_1
793.0,-427.0,1,cluster_1
851.0,-415.0,1,cluster_1
780.0,-705.0,1,cluster_1
698.0,-772.0,1,cluster_1
648.0,-757.0,1,cluster_1
686.0,-658.0,1,cluster_1
797.0,-678.0,1,cluster_1
490.0,-933.0,-1,noise
693.0,-676.0,1,cluster_1
747.0,-775.0,1,cluster_1
556.0,-550.0,1,cluster_1
736.0,-752.0,1,cluster_1
767.0,-796.0,1,cluster_1
637.0,-604.0,1,cluster_1
703.0,-600.0,1,cluster_1
695.0,-774.0,1,cluster_1
691.0,-790.0,1,cluster_1
659.0,-646.0,1,cluster_1
652.0,-769.0,1,cluster_1
708.0,-740.0,1,cluster_1
750.0,-704.0,1,cluster_1
665.0,-684.0,1,cluster_1
717.0,-665.0,1,cluster_1
778.0,-781.0,1,cluster_1
701.0,-738.0,1,cluster_1
661.0,-487.0,1,cluster_1
518.0,-653.0,1,cluster_1
801.0,-492.0,1,cluster_1
676.0,-729.0,1,cluster_1
755.0,-421.0,1,cluster_1
772.0,-391.0,1,cluster_1
764.0,-441.0,1,cluster_1
685.0,-557.0,1,cluster_1
653.0,-719.0,1,cluster_1
722.0,-587.0,1,cluster_1
814.0,-431.0,1,cluster_1
665.0,-646.0,1,cluster_1
760.0,-667.0,1,cluster_1
724.0,-407.0,1,cluster_1
812.0,-817.0,1,cluster_1
672.0,-564.0,1,cluster_1
777.0,-413.0,1,cluster_1
691.0,-588.0,1,cluster_1
713.0,-433.0,1,cluster_1
611.0,-610.0,1,cluster_1
785.0,-489.0,1,cluster_1
796.0,-412.0,1,cluster_1
748.0,-512.0,1,cluster_1
703.0,-399.0,1,cluster_1
734.0,-440.0,1,cluster_1
771.0,-413.0,1,cluster_1
610.0,-587.0,1,cluster_1
762.0,-436.0,1,cluster_1
801.0,-504.0,1,cluster_1
715.0,-724.0,1,cluster_1
683.0,-445.0,1,cluster_1
729.0,-421.0,1,cluster_1
806.0,-403.0,1,cluster_1
713.0,-633.0,1,cluster_1
765.0,-554.0,1,cluster_1
851.0,-428.0,1,cluster_1
743.0,-635.0,1,cluster_1
754.0,-440.0,1,cluster_1
801.0,-412.0,1,cluster_1
718.0,-427.0,1,cluster_1
796.0,-425.0,1,cluster_1
713.0,-430.0,1,cluster_1
809.0,-616.0,1,cluster_1
755.0,-612.0,1,cluster_1
667.0,-434.0,1,cluster_1
814.0,-416.0,1,cluster_1
731.0,-657.0,1,cluster_1
760.0,-420.0,1,cluster_1
762.0,-740.0,1,cluster_1
735.0,-678.0,1,cluster_1
694.0,-644.0,1,cluster_1
689.0,-414.0,1,cluster_1
735.0,-489.0,1,cluster_1
651.0,-722.0,1,cluster_1
737.0,-409.0,1,cluster_1
767.0,-765.0,1,cluster_1
827.0,-681.0,1,cluster_1
791.0,-445.0,1,cluster_1
681.0,-407.0,1,cluster_1
688.0,-599.0,1,cluster_1
721.0,-399.0,1,cluster_1
730.0,-898.0,1,cluster_1
699.0,-412.0,1,cluster_1
694.0,-668.0,1,cluster_1
745.0,-746.0,1,cluster_1
765.0,-658.0,1,cluster_1
684.0,-737.0,1,cluster_1
749.0,-383.0,1,cluster_1
764.0,-660.0,1,cluster_1
631.0,-726.0,1,cluster_1
686.0,-568.0,1,cluster_1
712.0,-402.0,1,cluster_1
684.0,-381.0,1,cluster_1
775.0,-395.0,1,cluster_1
714.0,-468.0,1,cluster_1
800.0,-430.0,1,cluster_1
724.0,-424.0,1,cluster_1
788.0,-464.0,1,cluster_1
756.0,-410.0,1,cluster_1
612.0,-743.0,1,cluster_1
765.0,-415.0,1,cluster_1
790.0,-809.0,1,cluster_1
710.0,-678.0,1,cluster_1
675.0,-682.0,1,cluster_1
744.0,-792.0,1,cluster_1
699.0,-673.0,1,cluster_1
806.0,-455.0,1,cluster_1
823.0,-445.0,1,cluster_1
762.0,-698.0,1,cluster_1
715.0,-393.0,1,cluster_1
570.0,-555.0,1,cluster_1
776.0,-714.0,1,cluster_1
629.0,-472.0,1,cluster_1
730.0,-420.0,1,cluster_1
684.0,-584.0,1,cluster_1
823.0,-571.0,1,cluster_1
568.0,-587.0,1,cluster_1
795.0,-518.0,1,cluster_1
719.0,-704.0,1,cluster_1
837.0,-781.0,1,cluster_1
790.0,-626.0,1,cluster_1
791.0,-409.0,1,cluster_1
746.0,-653.0,1,cluster_1
719.0,-662.0,1,cluster_1
773.0,-394.0,1,cluster_1
767.0,-420.0,1,cluster_1
739.0,-712.0,1,cluster_1
740.0,-658.0,1,cluster_1
718.0,-759.0,1,cluster_1
754.0,-472.0,1,cluster_1
765.0,-419.0,1,cluster_1
735.0,-723.0,1,cluster_1
743.0,-438.0,1,cluster_1
799.0,-639.0,1,cluster_1
797.0,-440.0,1,cluster_1
712.0,-440.0,1,cluster_1
720.0,-719.0,1,cluster_1
637.0,-630.0,1,cluster_1
714.0,-487.0,1,cluster_1
761.0,-427.0,1,cluster_1
769.0,-470.0,1,cluster_1
743.0,-695.0,1,cluster_1
643.0,-698.0,1,cluster_1
702.0,-578.0,1,cluster_1
552.0,-646.0,1,cluster_1
756.0,-717.0,1,cluster_1
741.0,-401.0,1,cluster_1
648.0,-746.0,1,cluster_1
680.0,-644.0,1,cluster_1
706.0,-388.0,1,cluster_1
863.0,-395.0,1,cluster_1
626.0,-535.0,1,cluster_1
729.0,-375.0,1,cluster_1
747.0,-771.0,1,cluster_1
597.0,-566.0,1,cluster_1
437.0,-560.0,1,cluster_1
653.0,-407.0,1,cluster_1
769.0,-395.0,1,cluster_1
632.0,-443.0,1,cluster_1
772.0,-410.0,1,cluster_1
713.0,-423.0,1,cluster_1
799.0,-437.0,1,cluster_1
559.0,-544.0,1,cluster_1
740.0,-474.0,1,cluster_1
817.0,-412.0,1,cluster_1
722.0,-428.0,1,cluster_1
765.0,-411.0,1,cluster_1
730.0,-447.0,1,cluster_1
898.0,-434.0,1,cluster_1
702.0,-704.0,1,cluster_1
800.0,-429.0,1,cluster_1
752.0,-729.0,1,cluster_1
696.0,-625.0,1,cluster_1
747.0,-542.0,1,cluster_1
763.0,-367.0,1,cluster_1
746.0,-693.0,1,cluster_1
696.0,-494.0,1,cluster_1
765.0,-827.0,1,cluster_1
763.0,-422.0,1,cluster_1
652.0,-493.0,1,cluster_1
688.0,-372.0,1,cluster_1
660.0,-577.0,1,cluster_1
759.0,-652.0,1,cluster_1
772.0,-647.0,1,cluster_1
816.0,-758.0,1,cluster_1
684.0,-742.0,1,cluster_1
726.0,-421.0,1,cluster_1
548.0,-557.0,1,cluster_1
583.0,-511.0,1,cluster_1
817.0,-412.0,1,cluster_1
755.0,-699.0,1,cluster_1
798.0,-448.0,1,cluster_1
698.0,-634.0,1,cluster_1
702.0,-414.0,1,cluster_1
633.0,-489.0,1,cluster_1
701.0,-702.0,1,cluster_1
764.0,-418.0,1,cluster_1
813.0,-853.0,1,cluster_1
775.0,-365.0,1,cluster_1
705.0,-417.0,1,cluster_1
811.0,-404.0,1,cluster_1
785.0,-405.0,1,cluster_1
747.0,-828.0,1,cluster_1
814.0,-514.0,1,cluster_1
843.0,-427.0,1,cluster_1
780.0,-417.0,1,cluster_1
794.0,-411.0,1,cluster_1
734.0,-424.0,1,cluster_1
810.0,-694.0,1,cluster_1
727.0,-584.0,1,cluster_1
754.0,-393.0,1,cluster_1
820.0,-406.0,1,cluster_1
731.0,-435.0,1,cluster_1
747.0,-423.0,1,cluster_1
792.0,-735.0,1,cluster_1
624.0,-477.0,1,cluster_1
728.0,-714.0,1,cluster_1
712.0,-438.0,1,cluster_1
778.0,-408.0,1,cluster_1
564.0,-626.0,1,cluster_1
720.0,-660.0,1,cluster_1
687.0,-708.0,1,cluster_1
717.0,-719.0,1,cluster_1
700.0,-737.0,1,cluster_1
746.0,-431.0,1,cluster_1
759.0,-767.0,1,cluster_1
728.0,-654.0,1,cluster_1
756.0,-436.0,1,cluster_1
771.0,-413.0,1,cluster_1
769.0,-410.0,1,cluster_1
744.0,-436.0,1,cluster_1
773.0,-673.0,1,cluster_1
809.0,-853.0,1,cluster_1
766.0,-446.0,1,cluster_1
732.0,-422.0,1,cluster_1
737.0,-687.0,1,cluster_1
789.0,-409.0,1,cluster_1
728.0,-472.0,1,cluster_1
747.0,-720.0,1,cluster_1
768.0,-478.0,1,cluster_1
758.0,-757.0,1,cluster_1
702.0,-439.0,1,cluster_1
847.0,-435.0,1,cluster_1
764.0,-659.0,1,cluster_1
798.0,-626.0,1,cluster_1
782.0,-681.0,1,cluster_1
691.0,-702.0,1,cluster_1
784.0,-427.0,1,cluster_1
733.0,-628.0,1,cluster_1
741.0,-406.0,1,cluster_1
756.0,-564.0,1,cluster_1
702.0,-515.0,1,cluster_1
711.0,-745.0,1,cluster_1
701.0,-551.0,1,cluster_1
678.0,-591.0,1,cluster_1
737.0,-684.0,1,cluster_1
720.0,-608.0,1,cluster_1
613.0,-577.0,1,cluster_1
859.0,-425.0,1,cluster_1
696.0,-646.0,1,cluster_1
796.0,-623.0,1,cluster_1
648.0,-664.0,1,cluster_1
635.0,-558.0,1,cluster_1
435.0,-273.0,1,cluster_1
734.0,-420.0,1,cluster_1
653.0,-446.0,1,cluster_1
713.0,-398.0,1,cluster_1
759.0,-430.0,1,cluster_1
818.0,-415.0,1,cluster_1
745.0,-663.0,1,cluster_1
608.0,-691.0,1,cluster_1
595.0,-694.0,1,cluster_1
719.0,-418.0,1,cluster_1
676.0,-411.0,1,cluster_1
746.0,-538.0,1,cluster_1
799.0,-773.0,1,cluster_1
664.0,-607.0,1,cluster_1
779.0,-735.0,1,cluster_1
781.0,-776.0,1,cluster_1
622.0,-386.0,1,cluster_1
782.0,-689.0,1,cluster_1
786.0,-386.0,1,cluster_1
701.0,-660.0,1,cluster_1
675.0,-504.0,1,cluster_1
728.0,-621.0,1,cluster_1
742.0,-421.0,1,cluster_1
651.0,-397.0,1,cluster_1
730.0,-403.0,1,cluster_1
786.0,-398.0,1,cluster_1
750.0,-786.0,1,cluster_1
765.0,-435.0,1,cluster_1
609.0,-448.0,1,cluster_1
739.0,-410.0,1,cluster_1
767.0,-486.0,1,cluster_1
842.0,-721.0,1,cluster_1
840.0,-806.0,1,cluster_1
683.0,-714.0,1,cluster_1
742.0,-762.0,1,cluster_1
741.0,-773.0,1,cluster_1
588.0,-745.0,1,cluster_1
789.0,-676.0,1,cluster_1
718.0,-675.0,1,cluster_1
616.0,-703.0,1,cluster_1
730.0,-502.0,1,cluster_1
741.0,-801.0,1,cluster_1
704.0,-703.0,1,cluster_1
660.0,-561.0,1,cluster_1
631.0,-599.0,1,cluster_1
558.0,-560.0,1,cluster_1
795.0,-691.0,1,cluster_1
761.0,-614.0,1,cluster_1
725.0,-771.0,1,cluster_1
779.0,-552.0,1,cluster_1
769.0,-458.0,1,cluster_1
728.0,-809.0,1,cluster_1
659.0,-649.0,1,cluster_1
729.0,-727.0,1,cluster_1
787.0,-712.0,1,cluster_1
800.0,-767.0,1,cluster_1
738.0,-591.0,1,cluster_1
785.0,-721.0,1,cluster_1
734.0,-759.0,1,cluster_1
441.0,-479.0,1,cluster_1
806.0,-370.0,1,cluster_1
729.0,-498.0,1,cluster_1
746.0,-416.0,1,cluster_1
811.0,-690.0,1,cluster_1
796.0,-439.0,1,cluster_1
659.0,-396.0,1,cluster_1
822.0,-386.0,1,cluster_1
719.0,-543.0,1,cluster_1
804.0,-678.0,1,cluster_1
645.0,-724.0,1,cluster_1
665.0,-424.0,1,cluster_1
760.0,-622.0,1,cluster_1
686.0,-652.0,1,cluster_1
637.0,-535.0,1,cluster_1
831.0,-486.0,1,cluster_1
740.0,-591.0,1,cluster_1
559.0,-735.0,1,cluster_1
655.0,-669.0,1,cluster_1
695.0,-355.0,1,cluster_1
673.0,-727.0,1,cluster_1
735.0,-724.0,1,cluster_1
782.0,-783.0,1,cluster_1
782.0,-746.0,1,cluster_1
767.0,-666.0,1,cluster_1
775.0,-718.0,1,cluster_1
746.0,-769.0,1,cluster_1
658.0,-753.0,1,cluster_1
533.0,-682.0,1,cluster_1
758.0,-544.0,1,cluster_1
794.0,-571.0,1,cluster_1
765.0,-690.0,1,cluster_1
733.0,-735.0,1,cluster_1
683.0,-661.0,1,cluster_1
709.0,-672.0,1,cluster_1
680.0,-517.0,1,cluster_1
706.0,-684.0,1,cluster_1
766.0,-738.0,1,cluster_1
649.0,-687.0,1,cluster_1
730.0,-653.0,1,cluster_1
771.0,-654.0,1,cluster_1
732.0,-723.0,1,cluster_1
677.0,-497.0,1,cluster_1
552.0,-479.0,1,cluster_1
707.0,-671.0,1,cluster_1
648.0,-691.0,1,cluster_1
790.0,-675.0,1,cluster_1
730.0,-480.0,1,cluster_1
543.0,-404.0,1,cluster_1
585.0,-689.0,1,cluster_1
666.0,-508.0,1,cluster_1
804.0,-767.0,1,cluster_1
787.0,-738.0,1,cluster_1
643.0,-673.0,1,cluster_1
727.0,-768.0,1,cluster_1
601.0,-686.0,1,cluster_1
800.0,-704.0,1,cluster_1
668.0,-753.0,1,cluster_1
814.0,-720.0,1,cluster_1
738.0,-678.0,1,cluster_1
786.0,-748.0,1,cluster_1
716.0,-733.0,1,cluster_1
780.0,-744.0,1,cluster_1
659.0,-475.0,1,cluster_1
685.0,-582.0,1,cluster_1
670.0,-385.0,1,cluster_1
735.0,-722.0,1,cluster_1
760.0,-719.0,1,cluster_1
716.0,-714.0,1,cluster_1
790.0,-651.0,1,cluster_1
680.0,-673.0,1,cluster_1
747.0,-663.0,1,cluster_1
675.0,-692.0,1,cluster_1
791.0,-729.0,1,cluster_1
802.0,-752.0,1,cluster_1
681.0,-684.0,1,cluster_1
654.0,-762.0,1,cluster_1
696.0,-717.0,1,cluster_1
678.0,-701.0,1,cluster_1
550.0,-562.0,1,cluster_1
483.0,-360.0,1,cluster_1
758.0,-621.0,1,cluster_1
768.0,-756.0,1,cluster_1
731.0,-690.0,1,cluster_1
704.0,-712.0,1,cluster_1
759.0,-538.0,1,cluster_1
682.0,-354.0,1,cluster_1
562.0,-480.0,1,cluster_1
651.0,-418.0,1,cluster_1
752.0,-382.0,1,cluster_1
756.0,-839.0,1,cluster_1
703.0,-402.0,1,cluster_1
713.0,-412.0,1,cluster_1
730.0,-319.0,1,cluster_1
517.0,-444.0,1,cluster_1
534.0,-524.0,1,cluster_1
746.0,-504.0,1,cluster_1
518.0,-372.0,1,cluster_1
638.0,-451.0,1,cluster_1
721.0,-593.0,1,cluster_1
834.0,-574.0,1,cluster_1
683.0,-394.0,1,cluster_1
705.0,-536.0,1,cluster_1
778.0,-681.0,1,cluster_1
764.0,-404.0,1,cluster_1
700.0,-545.0,1,cluster_1
475.0,-426.0,1,cluster_1
749.0,-617.0,1,cluster_1
726.0,-423.0,1,cluster_1
601.0,-460.0,1,cluster_1
767.0,-511.0,1,cluster_1
747.0,-492.0,1,cluster_1
672.0,-427.0,1,cluster_1
746.0,-513.0,1,cluster_1
729.0,-549.0,1,cluster_1
785.0,-410.0,1,cluster_1
613.0,-554.0,1,cluster_1
736.0,-359.0,1,cluster_1
682.0,-696.0,1,cluster_1
767.0,-585.0,1,cluster_1
746.0,-483.0,1,cluster_1
587.0,-432.0,1,cluster_1
778.0,-746.0,1,cluster_1
600.0,-658.0,1,cluster_1
602.0,-490.0,1,cluster_1
544.0,-547.0,1,cluster_1
641.0,-538.0,1,cluster_1
768.0,-471.0,1,cluster_1
846.0,-425.0,1,cluster_1
700.0,-365.0,1,cluster_1
711.0,-609.0,1,cluster_1
804.0,-429.0,1,cluster_1
662.0,-367.0,1,cluster_1
664.0,-616.0,1,cluster_1
827.0,-477.0,1,cluster_1
741.0,-908.0,1,cluster_1
681.0,-293.0,1,cluster_1
700.0,-614.0,1,cluster_1
822.0,-421.0,1,cluster_1
815.0,-361.0,1,cluster_1
733.0,-744.0,1,cluster_1
827.0,-420.0,1,cluster_1
731.0,-478.0,1,cluster_1
778.0,-345.0,1,cluster_1
695.0,-585.0,1,cluster_1
803.0,-778.0,1,cluster_1
673.0,-710.0,1,cluster_1
729.0,-684.0,1,cluster_1
613.0,-565.0,1,cluster_1
744.0,-440.0,1,cluster_1
690.0,-527.0,1,cluster_1
550.0,-617.0,1,cluster_1
758.0,-436.0,1,cluster_1
597.0,-495.0,1,cluster_1
497.0,-712.0,1,cluster_1
692.0,-532.0,1,cluster_1
748.0,-628.0,1,cluster_1
651.0,-522.0,1,cluster_1
520.0,-331.0,1,cluster_1
683.0,-687.0,1,cluster_1
715.0,-781.0,1,cluster_1
763.0,-653.0,1,cluster_1
261.0,-445.0,1,cluster_1
629.0,-438.0,1,cluster_1
573.0,-540.0,1,cluster_1
829.0,-557.0,1,cluster_1
635.0,-507.0,1,cluster_1
588.0,-538.0,1,cluster_1
599.0,-540.0,1,cluster_1
751.0,-451.0,1,cluster_1
668.0,-676.0,1,cluster_1
762.0,-386.0,1,cluster_1
621.0,-579.0,1,cluster_1
676.0,-703.0,1,cluster_1
723.0,-847.0,1,cluster_1
567.0,-525.0,1,cluster_1
592.0,-320.0,1,cluster_1
677.0,-486.0,1,cluster_1
721.0,-399.0,1,cluster_1
664.0,-489.0,1,cluster_1
700.0,-387.0,1,cluster_1
721.0,-635.0,1,cluster_1
733.0,-695.0,1,cluster_1
688.0,-374.0,1,cluster_1
768.0,-669.0,1,cluster_1
662.0,-621.0,1,cluster_1
635.0,-395.0,1,cluster_1
619.0,-584.0,1,cluster_1
648.0,-573.0,1,cluster_1
577.0,-443.0,1,cluster_1
750.0,-387.0,1,cluster_1
716.0,-527.0,1,cluster_1
826.0,-793.0,1,cluster_1
784.0,-663.0,1,cluster_1
692.0,-380.0,1,cluster_1
623.0,-911.0,1,cluster_1
526.0,-561.0,1,cluster_1
654.0,-381.0,1,cluster_1
794.0,-556.0,1,cluster_1
676.0,-617.0,1,cluster_1
770.0,-454.0,1,cluster_1
580.0,-613.0,1,cluster_1
738.0,-742.0,1,cluster_1
813.0,-456.0,1,cluster_1
625.0,-553.0,1,cluster_1
790.0,-707.0,1,cluster_1
635.0,-272.0,1,cluster_1
771.0,-405.0,1,cluster_1
709.0,-412.0,1,cluster_1
839.0,-395.0,1,cluster_1
661.0,-536.0,1,cluster_1
534.0,-376.0,1,cluster_1
729.0,-888.0,1,cluster_1
678.0,-376.0,1,cluster_1
647.0,-522.0,1,cluster_1
726.0,-390.0,1,cluster_1
627.0,-481.0,1,cluster_1
581.0,-359.0,1,cluster_1
769.0,-358.0,1,cluster_1
832.0,-486.0,1,cluster_1
590.0,-604.0,1,cluster_1
585.0,-389.0,1,cluster_1
651.0,-848.0,1,cluster_1
670.0,-686.0,1,cluster_1
560.0,-484.0,1,cluster_1
802.0,-509.0,1,cluster_1
397.0,-739.0,1,cluster_1
692.0,-749.0,1,cluster_1
612.0,-328.0,1,cluster_1
483.0,-727.0,1,cluster_1
534.0,-402.0,1,cluster_1
746.0,-444.0,1,cluster_1
643.0,-585.0,1,cluster_1
818.0,-593.0,1,cluster_1
749.0,-544.0,1,cluster_1
784.0,-366.0,1,cluster_1
581.0,-457.0,1,cluster_1
837.0,-414.0,1,cluster_1
712.0,-422.0,1,cluster_1
810.0,-356.0,1,cluster_1
814.0,-428.0,1,cluster_1
729.0,-392.0,1,cluster_1
757.0,-465.0,1,cluster_1
667.0,-578.0,1,cluster_1
687.0,-399.0,1,cluster_1
692.0,-491.0,1,cluster_1
748.0,-760.0,1,cluster_1
554.0,-722.0,1,cluster_1
867.0,-779.0,1,cluster_1
636.0,-641.0,1,cluster_1
737.0,-577.0,1,cluster_1
515.0,-370.0,1,cluster_1
587.0,-589.0,1,cluster_1
665.0,-734.0,1,cluster_1
479.0,-416.0,1,cluster_1
785.0,-423.0,1,cluster_1
699.0,-569.0,1,cluster_1
830.0,-460.0,1,cluster_1
721.0,-587.0,1,cluster_1
592.0,-607.0,1,cluster_1
659.0,-377.0,1,cluster_1
837.0,-398.0,1,cluster_1
785.0,-390.0,1,cluster_1
603.0,-461.0,1,cluster_1
613.0,-703.0,1,cluster_1
728.0,-391.0,1,cluster_1
762.0,-703.0,1,cluster_1
773.0,-343.0,1,cluster_1
652.0,-390.0,1,cluster_1
684.0,-660.0,1,cluster_1
659.0,-637.0,1,cluster_1
709.0,-352.0,1,cluster_1
787.0,-667.0,1,cluster_1
685.0,-785.0,1,cluster_1
599.0,-460.0,1,cluster_1
607.0,-448.0,1,cluster_1
675.0,-404.0,1,cluster_1
868.0,-349.0,1,cluster_1
834.0,-405.0,1,cluster_1
700.0,-580.0,1,cluster_1
742.0,-392.0,1,cluster_1
692.0,-504.0,1,cluster_1
723.0,-424.0,1,cluster_1
584.0,-594.0,1,cluster_1
615.0,-426.0,1,cluster_1
764.0,-434.0,1,cluster_1
744.0,-397.0,1,cluster_1
705.0,-488.0,1,cluster_1
650.0,-711.0,1,cluster_1
773.0,-424.0,1,cluster_1
692.0,-301.0,1,cluster_1
585.0,-645.0,1,cluster_1
723.0,-386.0,1,cluster_1
582.0,-603.0,1,cluster_1
767.0,-516.0,1,cluster_1
605.0,-432.0,1,cluster_1
747.0,-384.0,1,cluster_1
632.0,-542.0,1,cluster_1
727.0,-287.0,1,cluster_1
652.0,-476.0,1,cluster_1
724.0,-329.0,1,cluster_1
779.0,-620.0,1,cluster_1
691.0,-327.0,1,cluster_1
614.0,-839.0,1,cluster_1
477.0,-552.0,1,cluster_1
700.0,-766.0,1,cluster_1
798.0,-361.0,1,cluster_1
738.0,-746.0,1,cluster_1
749.0,-378.0,1,cluster_1
636.0,-504.0,1,cluster_1
585.0,-660.0,1,cluster_1
584.0,-379.0,1,cluster_1
564.0,-495.0,1,cluster_1
597.0,-731.0,1,cluster_1
588.0,-620.0,1,cluster_1
655.0,-596.0,1,cluster_1
665.0,-488.0,1,cluster_1
615.0,-367.0,1,cluster_1
663.0,-538.0,1,cluster_1
762.0,-368.0,1,cluster_1
845.0,-744.0,1,cluster_1
705.0,-599.0,1,cluster_1
677.0,-454.0,1,cluster_1
576.0,-492.0,1,cluster_1
685.0,-735.0,1,cluster_1
786.0,-398.0,1,cluster_1
576.0,-364.0,1,cluster_1
373.0,-417.0,1,cluster_1
801.0,-598.0,1,cluster_1
557.0,-541.0,1,cluster_1
793.0,-376.0,1,cluster_1
590.0,-827.0,1,cluster_1
735.0,-486.0,1,cluster_1
724.0,-423.0,1,cluster_1
766.0,-497.0,1,cluster_1
923.0,-345.0,1,cluster_1
684.0,-384.0,1,cluster_1
786.0,-394.0,1,cluster_1
758.0,-469.0,1,cluster_1
830.0,-412.0,1,cluster_1
780.0,-856.0,1,cluster_1
585.0,-659.0,1,cluster_1
717.0,-341.0,1,cluster_1
670.0,-670.0,1,cluster_1
685.0,-681.0,1,cluster_1
667.0,-629.0,1,cluster_1
831.0,-485.0,1,cluster_1
634.0,-409.0,1,cluster_1
762.0,-388.0,1,cluster_1
619.0,-600.0,1,cluster_1
656.0,-614.0,1,cluster_1
605.0,-374.0,1,cluster_1
648.0,-704.0,1,cluster_1
500.0,-431.0,1,cluster_1
700.0,-584.0,1,cluster_1
785.0,-374.0,1,cluster_1
652.0,-465.0,1,cluster_1
608.0,-658.0,1,cluster_1
578.0,-541.0,1,cluster_1
744.0,-588.0,1,cluster_1
596.0,-493.0,1,cluster_1
804.0,-425.0,1,cluster_1
653.0,-902.0,1,cluster_1
779.0,-503.0,1,cluster_1
729.0,-415.0,1,cluster_1
597.0,-441.0,1,cluster_1
661.0,-374.0,1,cluster_1
787.0,-455.0,1,cluster_1
760.0,-420.0,1,cluster_1
682.0,-634.0,1,cluster_1
628.0,-337.0,1,cluster_1
652.0,-439.0,1,cluster_1
784.0,-381.0,1,cluster_1
717.0,-627.0,1,cluster_1
766.0,-888.0,1,cluster_1
641.0,-478.0,1,cluster_1
582.0,-645.0,1,cluster_1
594.0,-656.0,1,cluster_1
592.0,-652.0,1,cluster_1
593.0,-646.0,1,cluster_1
495.0,-547.0,1,cluster_1
651.0,-390.0,1,cluster_1
599.0,-596.0,1,cluster_1
718.0,-403.0,1,cluster_1
618.0,-547.0,1,cluster_1
700.0,-393.0,1,cluster_1
752.0,-404.0,1,cluster_1
617.0,-862.0,1,cluster_1
863.0,-396.0,1,cluster_1
751.0,-679.0,1,cluster_1
725.0,-446.0,1,cluster_1
530.0,-390.0,1,cluster_1
540.0,-482.0,1,cluster_1
482.0,-401.0,1,cluster_1
588.0,-662.0,1,cluster_1
648.0,-597.0,1,cluster_1
745.0,-643.0,1,cluster_1
699.0,-397.0,1,cluster_1
556.0,-505.0,1,cluster_1
590.0,-612.0,1,cluster_1
585.0,-829.0,1,cluster_1
665.0,-535.0,1,cluster_1
456.0,-596.0,1,cluster_1
730.0,-444.0,1,cluster_1
760.0,-715.0,1,cluster_1
711.0,-401.0,1,cluster_1
700.0,-672.0,1,cluster_1
683.0,-715.0,1,cluster_1
864.0,-266.0,1,cluster_1
668.0,-601.0,1,cluster_1
692.0,-293.0,1,cluster_1
779.0,-451.0,1,cluster_1
730.0,-477.0,1,cluster_1
587.0,-649.0,1,cluster_1
607.0,-413.0,1,cluster_1
663.0,-401.0,1,cluster_1
353.0,-430.0,1,cluster_1
643.0,-423.0,1,cluster_1
643.0,-430.0,1,cluster_1
734.0,-667.0,1,cluster_1
739.0,-748.0,1,cluster_1
623.0,-657.0,1,cluster_1
532.0,-388.0,1,cluster_1
636.0,-405.0,1,cluster_1
521.0,-372.0,1,cluster_1
766.0,-712.0,1,cluster_1
793.0,-392.0,1,cluster_1
732.0,-359.0,1,cluster_1
761.0,-430.0,1,cluster_1
739.0,-424.0,1,cluster_1
747.0,-435.0,1,cluster_1
548.0,-613.0,1,cluster_1
663.0,-619.0,1,cluster_1
779.0,-766.0,1,cluster_1
706.0,-543.0,1,cluster_1
652.0,-807.0,1,cluster_1
723.0,-510.0,1,cluster_1
653.0,-394.0,1,cluster_1
759.0,-616.0,1,cluster_1
771.0,-332.0,1,cluster_1
696.0,-626.0,1,cluster_1
684.0,-597.0,1,cluster_1
467.0,-889.0,1,cluster_1
627.0,-773.0,1,cluster_1
779.0,-474.0,1,cluster_1
638.0,-618.0,1,cluster_1
523.0,-377.0,1,cluster_1
776.0,-460.0,1,cluster_1
599.0,-524.0,1,cluster_1
660.0,-626.0,1,cluster_1
821.0,-692.0,1,cluster_1
476.0,-470.0,1,cluster_1
739.0,-392.0,1,cluster_1
786.0,-429.0,1,cluster_1
694.0,-489.0,1,cluster_1
799.0,-654.0,1,cluster_1
702.0,-416.0,1,cluster_1
749.0,-733.0,1,cluster_1
825.0,-400.0,1,cluster_1
712.0,-354.0,1,cluster_1
777.0,-628.0,1,cluster_1
826.0,-388.0,1,cluster_1
809.0,-430.0,1,cluster_1
774.0,-433.0,1,cluster_1
613.0,-407.0,1,cluster_1
761.0,-367.0,1,cluster_1
563.0,-401.0,1,cluster_1
804.0,-734.0,1,cluster_1
779.0,-747.0,1,cluster_1
753.0,-559.0,1,cluster_1
746.0,-459.0,1,cluster_1
738.0,-684.0,1,cluster_1
687.0,-697.0,1,cluster_1
795.0,-465.0,1,cluster_1
761.0,-636.0,1,cluster_1
705.0,-598.0,1,cluster_1
578.0,-360.0,1,cluster_1
715.0,-390.0,1,cluster_1
638.0,-665.0,1,cluster_1
786.0,-484.0,1,cluster_1
740.0,-413.0,1,cluster_1
626.0,-511.0,1,cluster_1
609.0,-508.0,1,cluster_1
791.0,-433.0,1,cluster_1
722.0,-405.0,1,cluster_1
644.0,-695.0,1,cluster_1
672.0,-380.0,1,cluster_1
751.0,-757.0,1,cluster_1
708.0,-513.0,1,cluster_1
769.0,-843.0,1,cluster_1
550.0,-477.0,1,cluster_1
718.0,-508.0,1,cluster_1
744.0,-379.0,1,cluster_1
593.0,-666.0,1,cluster_1
754.0,-360.0,1,cluster_1
830.0,-422.0,1,cluster_1
653.0,-365.0,1,cluster_1
773.0,-727.0,1,cluster_1
717.0,-486.0,1,cluster_1
711.0,-678.0,1,cluster_1
774.0,-505.0,1,cluster_1
673.0,-687.0,1,cluster_1
669.0,-654.0,1,cluster_1
683.0,-415.0,1,cluster_1
822.0,-733.0,1,cluster_1
743.0,-610.0,1,cluster_1
796.0,-457.0,1,cluster_1
771.0,-367.0,1,cluster_1
760.0,-362.0,1,cluster_1
640.0,-556.0,1,cluster_1
763.0,-408.0,1,cluster_1
647.0,-463.0,1,cluster_1
785.0,-763.0,1,cluster_1
706.0,-643.0,1,cluster_1
595.0,-601.0,1,cluster_1
714.0,-581.0,1,cluster_1
675.0,-548.0,1,cluster_1
744.0,-735.0,1,cluster_1
743.0,-370.0,1,cluster_1
783.0,-365.0,1,cluster_1
841.0,-429.0,1,cluster_1
728.0,-527.0,1,cluster_1
775.0,-347.0,1,cluster_1
784.0,-383.0,1,cluster_1
755.0,-565.0,1,cluster_1
750.0,-410.0,1,cluster_1
730.0,-535.0,1,cluster_1
615.0,-390.0,1,cluster_1
739.0,-692.0,1,cluster_1
672.0,-727.0,1,cluster_1
710.0,-615.0,1,cluster_1
643.0,-550.0,1,cluster_1
804.0,-410.0,1,cluster_1
524.0,-524.0,1,cluster_1
672.0,-691.0,1,cluster_1
683.0,-583.0,1,cluster_1
765.0,-652.0,1,cluster_1
716.0,-713.0,1,cluster_1
721.0,-372.0,1,cluster_1
801.0,-423.0,1,cluster_1
605.0,-552.0,1,cluster_1
638.0,-487.0,1,cluster_1
665.0,-578.0,1,cluster_1
594.0,-713.0,1,cluster_1
782.0,-405.0,1,cluster_1
637.0,-550.0,1,cluster_1
728.0,-426.0,1,cluster_1
432.0,-711.0,1,cluster_1
839.0,-409.0,1,cluster_1
825.0,-429.0,1,cluster_1
844.0,-773.0,1,cluster_1
721.0,-794.0,1,cluster_1
716.0,-551.0,1,cluster_1
945.0,-539.0,1,cluster_1
856.0,-470.0,1,cluster_1
662.0,-788.0,1,cluster_1
537.0,-587.0,1,cluster_1
768.0,-526.0,1,cluster_1
780.0,-443.0,1,cluster_1
789.0,-461.0,1,cluster_1
691.0,-398.0,1,cluster_1
671.0,-422.0,1,cluster_1
702.0,-329.0,1,cluster_1
823.0,-374.0,1,cluster_1
711.0,-656.0,1,cluster_1
743.0,-574.0,1,cluster_1
786.0,-531.0,1,cluster_1
728.0,-549.0,1,cluster_1
585.0,-632.0,1,cluster_1
807.0,-426.0,1,cluster_1
736.0,-431.0,1,cluster_1
765.0,-709.0,1,cluster_1
714.0,-746.0,1,cluster_1
757.0,-473.0,1,cluster_1
734.0,-400.0,1,cluster_1
714.0,-453.0,1,cluster_1
759.0,-427.0,1,cluster_1
817.0,-916.0,1,cluster_1
788.0,-825.0,1,cluster_1
777.0,-409.0,1,cluster_1
705.0,-723.0,1,cluster_1
680.0,-687.0,1,cluster_1
740.0,-514.0,1,cluster_1
763.0,-425.0,1,cluster_1
784.0,-654.0,1,cluster_1
622.0,-550.0,1,cluster_1
707.0,-696.0,1,cluster_1
593.0,-674.0,1,cluster_1
870.0,-406.0,1,cluster_1
771.0,-461.0,1,cluster_1
656.0,-704.0,1,cluster_1
642.0,-649.0,1,cluster_1
787.0,-444.0,1,cluster_1
562.0,-683.0,1,cluster_1
626.0,-553.0,1,cluster_1
777.0,-792.0,1,cluster_1
679.0,-756.0,1,cluster_1
713.0,-698.0,1,cluster_1
711.0,-680.0,1,cluster_1
557.0,-646.0,1,cluster_1
728.0,-535.0,1,cluster_1
664.0,-504.0,1,cluster_1
599.0,-582.0,1,cluster_1
678.0,-646.0,1,cluster_1
755.0,-602.0,1,cluster_1
735.0,-512.0,1,cluster_1
737.0,-738.0,1,cluster_1
628.0,-646.0,1,cluster_1
646.0,-624.0,1,cluster_1
694.0,-587.0,1,cluster_1
700.0,-679.0,1,cluster_1
751.0,-419.0,1,cluster_1
678.0,-510.0,1,cluster_1
704.0,-521.0,1,cluster_1
590.0,-601.0,1,cluster_1
765.0,-371.0,1,cluster_1
729.0,-556.0,1,cluster_1
630.0,-534.0,1,cluster_1
746.0,-443.0,1,cluster_1
700.0,-559.0,1,cluster_1
671.0,-456.0,1,cluster_1
726.0,-532.0,1,cluster_1
661.0,-518.0,1,cluster_1
664.0,-607.0,1,cluster_1
765.0,-443.0,1,cluster_1
706.0,-594.0,1,cluster_1
726.0,-557.0,1,cluster_1
797.0,-723.0,1,cluster_1
653.0,-364.0,1,cluster_1
719.0,-580.0,1,cluster_1
636.0,-568.0,1,cluster_1
722.0,-654.0,1,cluster_1
614.0,-667.0,1,cluster_1
594.0,-524.0,1,cluster_1
754.0,-708.0,1,cluster_1
643.0,-592.0,1,cluster_1
641.0,-523.0,1,cluster_1
706.0,-582.0,1,cluster_1
733.0,-488.0,1,cluster_1
743.0,-575.0,1,cluster_1
668.0,-651.0,1,cluster_1
757.0,-710.0,1,cluster_1
667.0,-885.0,1,cluster_1
845.0,-356.0,1,cluster_1
708.0,-549.0,1,cluster_1
690.0,-659.0,1,cluster_1
741.0,-468.0,1,cluster_1
575.0,-539.0,1,cluster_1
667.0,-500.0,1,cluster_1
767.0,-572.0,1,cluster_1
668.0,-359.0,1,cluster_1
763.0,-411.0,1,cluster_1
596.0,-410.0,1,cluster_1
717.0,-584.0,1,cluster_1
710.0,-546.0,1,cluster_1
724.0,-812.0,1,cluster_1
656.0,-544.0,1,cluster_1
691.0,-480.0,1,cluster_1
895.0,-454.0,1,cluster_1
845.0,-447.0,1,cluster_1
629.0,-533.0,1,cluster_1
775.0,-442.0,1,cluster_1
653.0,-395.0,1,cluster_1
687.0,-639.0,1,cluster_1
704.0,-409.0,1,cluster_1
763.0,-415.0,1,cluster_1
778.0,-381.0,1,cluster_1
707.0,-770.0,1,cluster_1
750.0,-368.0,1,cluster_1
791.0,-811.0,1,cluster_1
685.0,-676.0,1,cluster_1
816.0,-633.0,1,cluster_1
602.0,-364.0,1,cluster_1
685.0,-402.0,1,cluster_1
549.0,-284.0,1,cluster_1
806.0,-374.0,1,cluster_1
715.0,-570.0,1,cluster_1
596.0,-363.0,1,cluster_1
726.0,-707.0,1,cluster_1
755.0,-685.0,1,cluster_1
767.0,-576.0,1,cluster_1
725.0,-398.0,1,cluster_1
604.0,-715.0,1,cluster_1
538.0,-398.0,1,cluster_1
803.0,-389.0,1,cluster_1
826.0,-412.0,1,cluster_1
758.0,-782.0,1,cluster_1
642.0,-693.0,1,cluster_1
810.0,-395.0,1,cluster_1
744.0,-363.0,1,cluster_1
686.0,-368.0,1,cluster_1
694.0,-730.0,1,cluster_1
662.0,-692.0,1,cluster_1
620.0,-736.0,1,cluster_1
690.0,-722.0,1,cluster_1
748.0,-655.0,1,cluster_1
736.0,-693.0,1,cluster_1
738.0,-656.0,1,cluster_1
757.0,-819.0,1,cluster_1
780.0,-671.0,1,cluster_1
706.0,-701.0,1,cluster_1
630.0,-667.0,1,cluster_1
608.0,-674.0,1,cluster_1
638.0,-411.0,1,cluster_1
720.0,-660.0,1,cluster_1
666.0,-732.0,1,cluster_1
761.0,-723.0,1,cluster_1
751.0,-572.0,1,cluster_1
697.0,-663.0,1,cluster_1
566.0,-401.0,1,cluster_1
756.0,-694.0,1,cluster_1
682.0,-555.0,1,cluster_1
685.0,-360.0,1,cluster_1
714.0,-657.0,1,cluster_1
735.0,-741.0,1,cluster_1
701.0,-344.0,1,cluster_1
696.0,-544.0,1,cluster_1
706.0,-695.0,1,cluster_1
774.0,-681.0,1,cluster_1
695.0,-617.0,1,cluster_1
629.0,-621.0,1,cluster_1
654.0,-701.0,1,cluster_1
754.0,-732.0,1,cluster_1
741.0,-606.0,1,cluster_1
748.0,-426.0,1,cluster_1
795.0,-717.0,1,cluster_1
660.0,-717.0,1,cluster_1
632.0,-727.0,1,cluster_1
813.0,-775.0,1,cluster_1
565.0,-686.0,1,cluster_1
672.0,-496.0,1,cluster_1
819.0,-746.0,1,cluster_1
762.0,-477.0,1,cluster_1
688.0,-650.0,1,cluster_1
641.0,-562.0,1,cluster_1
700.0,-629.0,1,cluster_1
833.0,-412.0,1,cluster_1
668.0,-530.0,1,cluster_1
733.0,-766.0,1,cluster_1
671.0,-389.0,1,cluster_1
832.0,-799.0,1,cluster_1
711.0,-607.0,1,cluster_1
768.0,-694.0,1,cluster_1
737.0,-708.0,1,cluster_1
719.0,-497.0,1,cluster_1
781.0,-720.0,1,cluster_1
636.0,-781.0,1,cluster_1
685.0,-565.0,1,cluster_1
759.0,-463.0,1,cluster_1
685.0,-644.0,1,cluster_1
789.0,-780.0,1,cluster_1
747.0,-794.0,1,cluster_1
797.0,-702.0,1,cluster_1
599.0,-659.0,1,cluster_1
648.0,-684.0,1,cluster_1
827.0,-390.0,1,cluster_1
774.0,-706.0,1,cluster_1
757.0,-617.0,1,cluster_1
711.0,-647.0,1,cluster_1
306.0,-281.0,1,cluster_1
620.0,-633.0,1,cluster_1
719.0,-464.0,1,cluster_1
712.0,-716.0,1,cluster_1
737.0,-668.0,1,cluster_1
703.0,-724.0,1,cluster_1
733.0,-640.0,1,cluster_1
764.0,-764.0,1,cluster_1
675.0,-612.0,1,cluster_1
705.0,-663.0,1,cluster_1
735.0,-671.0,1,cluster_1
738.0,-772.0,1,cluster_1
460.0,-278.0,1,cluster_1
726.0,-418.0,1,cluster_1
718.0,-504.0,1,cluster_1
702.0,-664.0,1,cluster_1
711.0,-748.0,1,cluster_1
768.0,-698.0,1,cluster_1
708.0,-663.0,1,cluster_1
694.0,-608.0,1,cluster_1
710.0,-917.0,1,cluster_1
728.0,-811.0,1,cluster_1
732.0,-470.0,1,cluster_1
684.0,-389.0,1,cluster_1
673.0,-637.0,1,cluster_1
604.0,-630.0,1,cluster_1
692.0,-620.0,1,cluster_1
743.0,-724.0,1,cluster_1
765.0,-553.0,1,cluster_1
687.0,-414.0,1,cluster_1
644.0,-775.0,1,cluster_1
709.0,-736.0,1,cluster_1
703.0,-742.0,1,cluster_1
721.0,-721.0,1,cluster_1
700.0,-694.0,1,cluster_1
676.0,-752.0,1,cluster_1
583.0,-707.0,1,cluster_1
709.0,-632.0,1,cluster_1
719.0,-704.0,1,cluster_1
663.0,-639.0,1,cluster_1
586.0,-729.0,1,cluster_1
711.0,-711.0,1,cluster_1
705.0,-741.0,1,cluster_1
713.0,-760.0,1,cluster_1
764.0,-713.0,1,cluster_1
656.0,-669.0,1,cluster_1
711.0,-776.0,1,cluster_1
699.0,-486.0,1,cluster_1
769.0,-619.0,1,cluster_1
757.0,-427.0,1,cluster_1
813.0,-862.0,1,cluster_1
635.0,-688.0,1,cluster_1
726.0,-565.0,1,cluster_1
801.0,-655.0,1,cluster_1
751.0,-781.0,1,cluster_1
725.0,-790.0,1,cluster_1
590.0,-641.0,1,cluster_1
729.0,-738.0,1,cluster_1
720.0,-368.0,1,cluster_1
712.0,-654.0,1,cluster_1
702.0,-325.0,1,cluster_1
723.0,-628.0,1,cluster_1
690.0,-655.0,1,cluster_1
752.0,-371.0,1,cluster_1
641.0,-604.0,1,cluster_1
733.0,-719.0,1,cluster_1
782.0,-693.0,1,cluster_1
755.0,-607.0,1,cluster_1
716.0,-387.0,1,cluster_1
507.0,-749.0,1,cluster_1
782.0,-397.0,1,cluster_1
594.0,-559.0,1,cluster_1
711.0,-400.0,1,cluster_1
721.0,-658.0,1,cluster_1
761.0,-373.0,1,cluster_1
639.0,-615.0,1,cluster_1
731.0,-685.0,1,cluster_1
618.0,-647.0,1,cluster_1
598.0,-717.0,1,cluster_1
709.0,-698.0,1,cluster_1
672.0,-690.0,1,cluster_1
777.0,-595.0,1,cluster_1
747.0,-634.0,1,cluster_1
706.0,-804.0,1,cluster_1
599.0,-657.0,1,cluster_1
425.0,-489.0,1,cluster_1
689.0,-362.0,1,cluster_1
738.0,-747.0,1,cluster_1
743.0,-595.0,1,cluster_1
764.0,-366.0,1,cluster_1
696.0,-546.0,1,cluster_1
721.0,-617.0,1,cluster_1
717.0,-701.0,1,cluster_1
741.0,-766.0,1,cluster_1
734.0,-408.0,1,cluster_1
792.0,-704.0,1,cluster_1
672.0,-608.0,1,cluster_1
364.0,-674.0,1,cluster_1
798.0,-370.0,1,cluster_1
642.0,-522.0,1,cluster_1
557.0,-692.0,1,cluster_1
723.0,-635.0,1,cluster_1
733.0,-649.0,1,cluster_1
702.0,-403.0,1,cluster_1
725.0,-660.0,1,cluster_1
644.0,-685.0,1,cluster_1
705.0,-644.0,1,cluster_1
855.0,-733.0,1,cluster_1
655.0,-585.0,1,cluster_1
670.0,-646.0,1,cluster_1
612.0,-464.0,1,cluster_1
649.0,-650.0,1,cluster_1
690.0,-644.0,1,cluster_1
765.0,-549.0,1,cluster_1
675.0,-666.0,1,cluster_1
654.0,-649.0,1,cluster_1
666.0,-719.0,1,cluster_1
655.0,-629.0,1,cluster_1
587.0,-531.0,1,cluster_1
666.0,-756.0,1,cluster_1
770.0,-797.0,1,cluster_1
699.0,-776.0,1,cluster_1
657.0,-748.0,1,cluster_1
564.0,-616.0,1,cluster_1
661.0,-748.0,1,cluster_1
748.0,-758.0,1,cluster_1
469.0,-271.0,1,cluster_1
534.0,-583.0,1,cluster_1
546.0,-742.0,1,cluster_1
674.0,-587.0,1,cluster_1
564.0,-602.0,1,cluster_1
621.0,-627.0,1,cluster_1
693.0,-436.0,1,cluster_1
633.0,-690.0,1,cluster_1
671.0,-389.0,1,cluster_1
653.0,-742.0,1,cluster_1
474.0,-512.0,1,cluster_1
314.0,-536.0,1,cluster_1
735.0,-388.0,1,cluster_1
603.0,-715.0,1,cluster_1
537.0,-364.0,1,cluster_1
660.0,-578.0,1,cluster_1
583.0,-665.0,1,cluster_1
697.0,-670.0,1,cluster_1
800.0,-831.0,1,cluster_1
494.0,-378.0,1,cluster_1
717.0,-614.0,1,cluster_1
373.0,-532.0,1,cluster_1
764.0,-819.0,1,cluster_1
684.0,-592.0,1,cluster_1
716.0,-757.0,1,cluster_1
554.0,-710.0,1,cluster_1
693.0,-680.0,1,cluster_1
357.0,-335.0,1,cluster_1
646.0,-630.0,1,cluster_1
761.0,-731.0,1,cluster_1
642.0,-707.0,1,cluster_1
588.0,-673.0,1,cluster_1
808.0,-763.0,1,cluster_1
759.0,-295.0,1,cluster_1
738.0,-757.0,1,cluster_1
633.0,-334.0,1,cluster_1
832.0,-818.0,1,cluster_1
774.0,-769.0,1,cluster_1
781.0,-771.0,1,cluster_1
709.0,-717.0,1,cluster_1
649.0,-695.0,1,cluster_1
660.0,-760.0,1,cluster_1
767.0,-900.0,1,cluster_1
716.0,-545.0,1,cluster_1
760.0,-774.0,1,cluster_1
760.0,-813.0,1,cluster_1
755.0,-673.0,1,cluster_1
787.0,-774.0,1,cluster_1
742.0,-666.0,1,cluster_1
592.0,-431.0,1,cluster_1
500.0,-679.0,1,cluster_1
688.0,-323.0,1,cluster_1
642.0,-350.0,1,cluster_1
641.0,-400.0,1,cluster_1
634.0,-749.0,1,cluster_1
729.0,-673.0,1,cluster_1
685.0,-454.0,1,cluster_1
805.0,-793.0,1,cluster_1
715.0,-361.0,1,cluster_1
672.0,-365.0,1,cluster_1
641.0,-359.0,1,cluster_1
771.0,-818.0,1,cluster_1
841.0,-808.0,1,cluster_1
773.0,-620.0,1,cluster_1
710.0,-382.0,1,cluster_1
506.0,-270.0,1,cluster_1
585.0,-537.0,1,cluster_1
728.0,-805.0,1,cluster_1
763.0,-726.0,1,cluster_1
770.0,-833.0,1,cluster_1
823.0,-771.0,1,cluster_1
829.0,-385.0,1,cluster_1
872.0,-618.0,1,cluster_1
773.0,-394.0,1,cluster_1
784.0,-851.0,1,cluster_1
603.0,-374.0,1,cluster_1
643.0,-437.0,1,cluster_1
757.0,-405.0,1,cluster_1
696.0,-709.0,1,cluster_1
687.0,-594.0,1,cluster_1
798.0,-863.0,1,cluster_1
804.0,-768.0,1,cluster_1
666.0,-781.0,1,cluster_1
829.0,-734.0,1,cluster_1
750.0,-616.0,1,cluster_1
814.0,-716.0,1,cluster_1
740.0,-727.0,1,cluster_1
630.0,-725.0,1,cluster_1
764.0,-553.0,1,cluster_1
736.0,-844.0,1,cluster_1
705.0,-732.0,1,cluster_1
767.0,-621.0,1,cluster_1
640.0,-512.0,1,cluster_1
800.0,-676.0,1,cluster_1
723.0,-493.0,1,cluster_1
653.0,-764.0,1,cluster_1
759.0,-558.0,1,cluster_1
742.0,-709.0,1,cluster_1
477.0,-606.0,1,cluster_1
835.0,-811.0,1,cluster_1
799.0,-674.0,1,cluster_1
622.0,-661.0,1,cluster_1
602.0,-615.0,1,cluster_1
661.0,-654.0,1,cluster_1
824.0,-342.0,1,cluster_1
878.0,-837.0,1,cluster_1
806.0,-805.0,1,cluster_1
860.0,-718.0,1,cluster_1
700.0,-640.0,1,cluster_1
787.0,-750.0,1,cluster_1
591.0,-665.0,1,cluster_1
784.0,-610.0,1,cluster_1
685.0,-698.0,1,cluster_1
578.0,-504.0,1,cluster_1
843.0,-850.0,1,cluster_1
770.0,-749.0,1,cluster_1
796.0,-411.0,1,cluster_1
781.0,-689.0,1,cluster_1
741.0,-531.0,1,cluster_1
627.0,-697.0,1,cluster_1
761.0,-701.0,1,cluster_1
583.0,-376.0,1,cluster_1
766.0,-403.0,1,cluster_1
647.0,-572.0,1,cluster_1
602.0,-679.0,1,cluster_1
728.0,-863.0,1,cluster_1
749.0,-818.0,1,cluster_1
777.0,-743.0,1,cluster_1
786.0,-380.0,1,cluster_1
806.0,-359.0,1,cluster_1
679.0,-691.0,1,cluster_1
766.0,-401.0,1,cluster_1
638.0,-510.0,1,cluster_1
628.0,-456.0,1,cluster_1
596.0,-680.0,1,cluster_1
522.0,-475.0,1,cluster_1
675.0,-728.0,1,cluster_1
740.0,-613.0,1,cluster_1
727.0,-675.0,1,cluster_1
807.0,-789.0,1,cluster_1
814.0,-865.0,1,cluster_1
820.0,-790.0,1,cluster_1
717.0,-751.0,1,cluster_1
581.0,-637.0,1,cluster_1
835.0,-655.0,1,cluster_1
627.0,-593.0,1,cluster_1
376.0,-481.0,1,cluster_1
710.0,-683.0,1,cluster_1
682.0,-700.0,1,cluster_1
655.0,-413.0,1,cluster_1
677.0,-677.0,1,cluster_1
734.0,-499.0,1,cluster_1
652.0,-469.0,1,cluster_1
766.0,-778.0,1,cluster_1
726.0,-664.0,1,cluster_1
790.0,-372.0,1,cluster_1
755.0,-604.0,1,cluster_1
747.0,-732.0,1,cluster_1
663.0,-712.0,1,cluster_1
561.0,-478.0,1,cluster_1
742.0,-735.0,1,cluster_1
851.0,-802.0,1,cluster_1
708.0,-749.0,1,cluster_1
775.0,-789.0,1,cluster_1
760.0,-660.0,1,cluster_1
701.0,-785.0,1,cluster_1
679.0,-587.0,1,cluster_1
728.0,-735.0,1,cluster_1
560.0,-562.0,1,cluster_1
677.0,-529.0,1,cluster_1
622.0,-645.0,1,cluster_1
677.0,-765.0,1,cluster_1
784.0,-654.0,1,cluster_1
767.0,-759.0,1,cluster_1
771.0,-885.0,1,cluster_1
593.0,-592.0,1,cluster_1
726.0,-438.0,1,cluster_1
648.0,-713.0,1,cluster_1
739.0,-742.0,1,cluster_1
618.0,-735.0,1,cluster_1
796.0,-666.0,1,cluster_1
665.0,-542.0,1,cluster_1
595.0,-453.0,1,cluster_1
699.0,-413.0,1,cluster_1
731.0,-416.0,1,cluster_1
765.0,-397.0,1,cluster_1
752.0,-436.0,1,cluster_1
680.0,-722.0,1,cluster_1
733.0,-681.0,1,cluster_1
530.0,-291.0,1,cluster_1
702.0,-423.0,1,cluster_1
659.0,-523.0,1,cluster_1
566.0,-641.0,1,cluster_1
566.0,-449.0,1,cluster_1
623.0,-392.0,1,cluster_1
586.0,-387.0,1,cluster_1
584.0,-357.0,1,cluster_1
640.0,-604.0,1,cluster_1
690.0,-540.0,1,cluster_1
643.0,-404.0,1,cluster_1
783.0,-750.0,1,cluster_1
704.0,-335.0,1,cluster_1
656.0,-591.0,1,cluster_1
716.0,-411.0,1,cluster_1
739.0,-454.0,1,cluster_1
569.0,-539.0,1,cluster_1
710.0,-530.0,1,cluster_1
624.0,-347.0,1,cluster_1
655.0,-360.0,1,cluster_1
731.0,-757.0,1,cluster_1
724.0,-809.0,1,cluster_1
659.0,-672.0,1,cluster_1
639.0,-733.0,1,cluster_1
702.0,-706.0,1,cluster_1
710.0,-364.0,1,cluster_1
784.0,-658.0,1,cluster_1
632.0,-774.0,1,cluster_1
727.0,-757.0,1,cluster_1
711.0,-518.0,1,cluster_1
805.0,-811.0,1,cluster_1
765.0,-772.0,1,cluster_1
774.0,-779.0,1,cluster_1
694.0,-672.0,1,cluster_1
703.0,-421.0,1,cluster_1
703.0,-709.0,1,cluster_1
738.0,-638.0,1,cluster_1
689.0,-573.0,1,cluster_1
723.0,-779.0,1,cluster_1
773.0,-701.0,1,cluster_1
569.0,-479.0,1,cluster_1
759.0,-793.0,1,cluster_1
781.0,-569.0,1,cluster_1
603.0,-557.0,1,cluster_1
702.0,-682.0,1,cluster_1
827.0,-860.0,1,cluster_1
755.0,-653.0,1,cluster_1
816.0,-855.0,1,cluster_1
691.0,-612.0,1,cluster_1
693.0,-606.0,1,cluster_1
710.0,-723.0,1,cluster_1
809.0,-652.0,1,cluster_1
729.0,-413.0,1,cluster_1
648.0,-658.0,1,cluster_1
561.0,-525.0,1,cluster_1
737.0,-601.0,1,cluster_1
741.0,-681.0,1,cluster_1
740.0,-633.0,1,cluster_1
782.0,-694.0,1,cluster_1
712.0,-621.0,1,cluster_1
801.0,-663.0,1,cluster_1
744.0,-588.0,1,cluster_1
614.0,-550.0,1,cluster_1
716.0,-662.0,1,cluster_1
697.0,-697.0,1,cluster_1
724.0,-595.0,1,cluster_1
737.0,-469.0,1,cluster_1
760.0,-729.0,1,cluster_1
619.0,-520.0,1,cluster_1
756.0,-498.0,1,cluster_1
736.0,-759.0,1,cluster_1
651.0,-588.0,1,cluster_1
739.0,-322.0,1,cluster_1
581.0,-654.0,1,cluster_1
744.0,-359.0,1,cluster_1
709.0,-620.0,1,cluster_1
627.0,-649.0,1,cluster_1
767.0,-828.0,1,cluster_1
684.0,-655.0,1,cluster_1
636.0,-526.0,1,cluster_1
717.0,-651.0,1,cluster_1
726.0,-731.0,1,cluster_1
738.0,-419.0,1,cluster_1
740.0,-710.0,1,cluster_1
467.0,-456.0,1,cluster_1
786.0,-759.0,1,cluster_1
690.0,-705.0,1,cluster_1
640.0,-674.0,1,cluster_1
636.0,-649.0,1,cluster_1
614.0,-588.0,1,cluster_1
405.0,-406.0,1,cluster_1
778.0,-426.0,1,cluster_1
446.0,-669.0,1,cluster_1
776.0,-423.0,1,cluster_1
755.0,-436.0,1,cluster_1
764.0,-425.0,1,cluster_1
731.0,-663.0,1,cluster_1
739.0,-724.0,1,cluster_1
611.0,-506.0,1,cluster_1
778.0,-429.0,1,cluster_1
636.0,-394.0,1,cluster_1
689.0,-734.0,1,cluster_1
592.0,-658.0,1,cluster_1
715.0,-684.0,1,cluster_1
721.0,-716.0,1,cluster_1
663.0,-767.0,1,cluster_1
799.0,-749.0,1,cluster_1
768.0,-425.0,1,cluster_1
801.0,-883.0,1,cluster_1
693.0,-722.0,1,cluster_1
790.0,-793.0,1,cluster_1
729.0,-678.0,1,cluster_1
795.0,-424.0,1,cluster_1
786.0,-429.0,1,cluster_1
644.0,-535.0,1,cluster_1
708.0,-703.0,1,cluster_1
636.0,-612.0,1,cluster_1
709.0,-731.0,1,cluster_1
763.0,-677.0,1,cluster_1
644.0,-628.0,1,cluster_1
725.0,-665.0,1,cluster_1
426.0,-506.0,1,cluster_1
708.0,-708.0,1,cluster_1
655.0,-718.0,1,cluster_1
707.0,-353.0,1,cluster_1
650.0,-652.0,1,cluster_1
804.0,-753.0,1,cluster_1
660.0,-653.0,1,cluster_1
759.0,-593.0,1,cluster_1
667.0,-754.0,1,cluster_1
713.0,-644.0,1,cluster_1
744.0,-655.0,1,cluster_1
685.0,-649.0,1,cluster_1
686.0,-748.0,1,cluster_1
673.0,-668.0,1,cluster_1
728.0,-670.0,1,cluster_1
714.0,-727.0,1,cluster_1
645.0,-656.0,1,cluster_1
661.0,-737.0,1,cluster_1
646.0,-636.0,1,cluster_1
591.0,-643.0,1,cluster_1
616.0,-746.0,1,cluster_1
623.0,-759.0,1,cluster_1
701.0,-724.0,1,cluster_1
749.0,-710.0,1,cluster_1
768.0,-638.0,1,cluster_1
674.0,-573.0,1,cluster_1
706.0,-562.0,1,cluster_1
796.0,-823.0,1,cluster_1
711.0,-568.0,1,cluster_1
680.0,-635.0,1,cluster_1
779.0,-711.0,1,cluster_1
779.0,-644.0,1,cluster_1
754.0,-786.0,1,cluster_1
771.0,-702.0,1,cluster_1
715.0,-564.0,1,cluster_1
699.0,-640.0,1,cluster_1
746.0,-684.0,1,cluster_1
732.0,-628.0,1,cluster_1
755.0,-432.0,1,cluster_1
774.0,-425.0,1,cluster_1
708.0,-603.0,1,cluster_1
779.0,-423.0,1,cluster_1
804.0,-473.0,1,cluster_1
801.0,-744.0,1,cluster_1
605.0,-505.0,1,cluster_1
735.0,-633.0,1,cluster_1
719.0,-435.0,1,cluster_1
593.0,-497.0,1,cluster_1
719.0,-713.0,1,cluster_1
723.0,-436.0,1,cluster_1
658.0,-677.0,1,cluster_1
718.0,-447.0,1,cluster_1
727.0,-613.0,1,cluster_1
851.0,-418.0,1,cluster_1
725.0,-583.0,1,cluster_1
737.0,-425.0,1,cluster_1
697.0,-835.0,1,cluster_1
779.0,-700.0,1,cluster_1
712.0,-433.0,1,cluster_1
570.0,-413.0,1,cluster_1
720.0,-417.0,1,cluster_1
682.0,-649.0,1,cluster_1
738.0,-733.0,1,cluster_1
714.0,-383.0,1,cluster_1
698.0,-578.0,1,cluster_1
712.0,-583.0,1,cluster_1
646.0,-657.0,1,cluster_1
694.0,-615.0,1,cluster_1
694.0,-543.0,1,cluster_1
551.0,-471.0,1,cluster_1
695.0,-618.0,1,cluster_1
447.0,-633.0,1,cluster_1
758.0,-415.0,1,cluster_1
809.0,-737.0,1,cluster_1
790.0,-448.0,1,cluster_1
755.0,-332.0,1,cluster_1
643.0,-624.0,1,cluster_1
725.0,-618.0,1,cluster_1
771.0,-486.0,1,cluster_1
752.0,-643.0,1,cluster_1
625.0,-383.0,1,cluster_1
652.0,-668.0,1,cluster_1
752.0,-426.0,1,cluster_1
736.0,-809.0,1,cluster_1
760.0,-383.0,1,cluster_1
576.0,-552.0,1,cluster_1
630.0,-684.0,1,cluster_1
742.0,-711.0,1,cluster_1
780.0,-355.0,1,cluster_1
618.0,-449.0,1,cluster_1
487.0,-431.0,1,cluster_1
729.0,-404.0,1,cluster_1
772.0,-353.0,1,cluster_1
623.0,-380.0,1,cluster_1
728.0,-410.0,1,cluster_1
632.0,-416.0,1,cluster_1
695.0,-608.0,1,cluster_1
670.0,-386.0,1,cluster_1
685.0,-657.0,1,cluster_1
765.0,-515.0,1,cluster_1
660.0,-882.0,1,cluster_1
670.0,-860.0,1,cluster_1
680.0,-877.0,1,cluster_1
732.0,-871.0,1,cluster_1
644.0,-755.0,1,cluster_1
839.0,-424.0,1,cluster_1
618.0,-663.0,1,cluster_1
653.0,-616.0,1,cluster_1
637.0,-358.0,1,cluster_1
778.0,-589.0,1,cluster_1
697.0,-541.0,1,cluster_1
769.0,-589.0,1,cluster_1
649.0,-679.0,1,cluster_1
802.0,-409.0,1,cluster_1
747.0,-597.0,1,cluster_1
599.0,-587.0,1,cluster_1
690.0,-681.0,1,cluster_1
687.0,-557.0,1,cluster_1
778.0,-362.0,1,cluster_1
565.0,-531.0,1,cluster_1
735.0,-389.0,1,cluster_1
675.0,-660.0,1,cluster_1
734.0,-595.0,1,cluster_1
682.0,-464.0,1,cluster_1
613.0,-638.0,1,cluster_1
576.0,-571.0,1,cluster_1
770.0,-449.0,1,cluster_1
726.0,-671.0,1,cluster_1
773.0,-393.0,1,cluster_1
749.0,-470.0,1,cluster_1
651.0,-504.0,1,cluster_1
646.0,-498.0,1,cluster_1
765.0,-399.0,1,cluster_1
512.0,-380.0,1,cluster_1
730.0,-523.0,1,cluster_1
794.0,-783.0,1,cluster_1
790.0,-804.0,1,cluster_1
744.0,-497.0,1,cluster_1
717.0,-486.0,1,cluster_1
720.0,-341.0,1,cluster_1
684.0,-682.0,1,cluster_1
746.0,-705.0,1,cluster_1
639.0,-677.0,1,cluster_1
733.0,-391.0,1,cluster_1
731.0,-660.0,1,cluster_1
788.0,-464.0,1,cluster_1
725.0,-691.0,1,cluster_1
739.0,-419.0,1,cluster_1
746.0,-627.0,1,cluster_1
737.0,-706.0,1,cluster_1
678.0,-587.0,1,cluster_1
787.0,-363.0,1,cluster_1
721.0,-669.0,1,cluster_1
650.0,-657.0,1,cluster_1
702.0,-435.0,1,cluster_1
785.0,-360.0,1,cluster_1
703.0,-615.0,1,cluster_1
736.0,-901.0,1,cluster_1
658.0,-527.0,1,cluster_1
766.0,-384.0,1,cluster_1
488.0,-691.0,1,cluster_1
595.0,-500.0,1,cluster_1
698.0,-464.0,1,cluster_1
712.0,-601.0,1,cluster_1
791.0,-362.0,1,cluster_1
725.0,-328.0,1,cluster_1
721.0,-706.0,1,cluster_1
764.0,-397.0,1,cluster_1
586.0,-366.0,1,cluster_1
771.0,-718.0,1,cluster_1
760.0,-491.0,1,cluster_1
575.0,-562.0,1,cluster_1
748.0,-440.0,1,cluster_1
576.0,-488.0,1,cluster_1
653.0,-687.0,1,cluster_1
715.0,-362.0,1,cluster_1
809.0,-388.0,1,cluster_1
780.0,-410.0,1,cluster_1
633.0,-561.0,1,cluster_1
772.0,-535.0,1,cluster_1
743.0,-685.0,1,cluster_1
581.0,-355.0,1,cluster_1
731.0,-533.0,1,cluster_1
670.0,-606.0,1,cluster_1
632.0,-517.0,1,cluster_1
603.0,-571.0,1,cluster_1
597.0,-697.0,1,cluster_1
727.0,-411.0,1,cluster_1
701.0,-640.0,1,cluster_1
746.0,-845.0,1,cluster_1
714.0,-765.0,1,cluster_1
767.0,-485.0,1,cluster_1
774.0,-723.0,1,cluster_1
705.0,-651.0,1,cluster_1
692.0,-659.0,1,cluster_1
737.0,-393.0,1,cluster_1
690.0,-549.0,1,cluster_1
650.0,-570.0,1,cluster_1
738.0,-790.0,1,cluster_1
732.0,-562.0,1,cluster_1
766.0,-739.0,1,cluster_1
695.0,-651.0,1,cluster_1
799.0,-513.0,1,cluster_1
687.0,-673.0,1,cluster_1
655.0,-702.0,1,cluster_1
785.0,-361.0,1,cluster_1
817.0,-816.0,1,cluster_1
702.0,-694.0,1,cluster_1
642.0,-741.0,1,cluster_1
792.0,-786.0,1,cluster_1
695.0,-538.0,1,cluster_1
661.0,-593.0,1,cluster_1
762.0,-635.0,1,cluster_1
743.0,-769.0,1,cluster_1
768.0,-791.0,1,cluster_1
582.0,-375.0,1,cluster_1
733.0,-642.0,1,cluster_1
634.0,-740.0,1,cluster_1
709.0,-609.0,1,cluster_1
618.0,-422.0,1,cluster_1
728.0,-680.0,1,cluster_1
792.0,-814.0,1,cluster_1
688.0,-570.0,1,cluster_1
806.0,-408.0,1,cluster_1
604.0,-733.0,1,cluster_1
730.0,-716.0,1,cluster_1
693.0,-378.0,1,cluster_1
728.0,-679.0,1,cluster_1
743.0,-741.0,1,cluster_1
741.0,-605.0,1,cluster_1
739.0,-682.0,1,cluster_1
785.0,-658.0,1,cluster_1
610.0,-660.0,1,cluster_1
791.0,-523.0,1,cluster_1
624.0,-773.0,1,cluster_1
655.0,-571.0,1,cluster_1
637.0,-593.0,1,cluster_1
294.0,-289.0,1,cluster_1
698.0,-490.0,1,cluster_1
760.0,-613.0,1,cluster_1
553.0,-577.0,1,cluster_1
471.0,-307.0,1,cluster_1
663.0,-388.0,1,cluster_1
685.0,-723.0,1,cluster_1
686.0,-723.0,1,cluster_1
724.0,-750.0,1,cluster_1
768.0,-766.0,1,cluster_1
709.0,-600.0,1,cluster_1
713.0,-761.0,1,cluster_1
728.0,-647.0,1,cluster_1
698.0,-575.0,1,cluster_1
701.0,-608.0,1,cluster_1
697.0,-583.0,1,cluster_1
553.0,-663.0,1,cluster_1
701.0,-867.0,1,cluster_1
722.0,-609.0,1,cluster_1
663.0,-718.0,1,cluster_1
674.0,-658.0,1,cluster_1
533.0,-438.0,1,cluster_1
769.0,-605.0,1,cluster_1
778.0,-598.0,1,cluster_1
706.0,-515.0,1,cluster_1
728.0,-685.0,1,cluster_1
703.0,-618.0,1,cluster_1
804.0,-624.0,1,cluster_1
733.0,-660.0,1,cluster_1
794.0,-558.0,1,cluster_1
722.0,-757.0,1,cluster_1
714.0,-612.0,1,cluster_1
756.0,-493.0,1,cluster_1
735.0,-743.0,1,cluster_1
748.0,-565.0,1,cluster_1
642.0,-588.0,1,cluster_1
339.0,-559.0,1,cluster_1
784.0,-735.0,1,cluster_1
705.0,-395.0,1,cluster_1
730.0,-382.0,1,cluster_1
704.0,-451.0,1,cluster_1
575.0,-626.0,1,cluster_1
723.0,-880.0,1,cluster_1
805.0,-379.0,1,cluster_1
630.0,-755.0,1,cluster_1
739.0,-392.0,1,cluster_1
760.0,-453.0,1,cluster_1
527.0,-371.0,1,cluster_1
573.0,-825.0,1,cluster_1
720.0,-536.0,1,cluster_1
656.0,-649.0,1,cluster_1
687.0,-879.0,1,cluster_1
614.0,-635.0,1,cluster_1
802.0,-751.0,1,cluster_1
782.0,-525.0,1,cluster_1
741.0,-369.0,1,cluster_1
698.0,-681.0,1,cluster_1
702.0,-702.0,1,cluster_1
552.0,-651.0,1,cluster_1
791.0,-746.0,1,cluster_1
687.0,-685.0,1,cluster_1
697.0,-821.0,1,cluster_1
722.0,-704.0,1,cluster_1
776.0,-533.0,1,cluster_1
618.0,-677.0,1,cluster_1
781.0,-772.0,1,cluster_1
603.0,-671.0,1,cluster_1
599.0,-517.0,1,cluster_1
716.0,-790.0,1,cluster_1
592.0,-710.0,1,cluster_1
678.0,-654.0,1,cluster_1
680.0,-634.0,1,cluster_1
774.0,-632.0,1,cluster_1
700.0,-451.0,1,cluster_1
736.0,-508.0,1,cluster_1
603.0,-645.0,1,cluster_1
747.0,-565.0,1,cluster_1
658.0,-702.0,1,cluster_1
743.0,-374.0,1,cluster_1
709.0,-481.0,1,cluster_1
582.0,-703.0,1,cluster_1
797.0,-749.0,1,cluster_1
823.0,-432.0,1,cluster_1
767.0,-679.0,1,cluster_1
713.0,-702.0,1,cluster_1
624.0,-479.0,1,cluster_1
607.0,-692.0,1,cluster_1
710.0,-645.0,1,cluster_1
856.0,-782.0,1,cluster_1
729.0,-785.0,1,cluster_1
740.0,-764.0,1,cluster_1
639.0,-690.0,1,cluster_1
751.0,-675.0,1,cluster_1
730.0,-701.0,1,cluster_1
738.0,-741.0,1,cluster_1
706.0,-631.0,1,cluster_1
738.0,-621.0,1,cluster_1
705.0,-792.0,1,cluster_1
662.0,-699.0,1,cluster_1
612.0,-442.0,1,cluster_1
704.0,-784.0,1,cluster_1
736.0,-439.0,1,cluster_1
778.0,-682.0,1,cluster_1
712.0,-380.0,1,cluster_1
624.0,-449.0,1,cluster_1
765.0,-757.0,1,cluster_1
589.0,-563.0,1,cluster_1
672.0,-765.0,1,cluster_1
717.0,-440.0,1,cluster_1
734.0,-707.0,1,cluster_1
731.0,-778.0,1,cluster_1
717.0,-367.0,1,cluster_1
785.0,-700.0,1,cluster_1
793.0,-401.0,1,cluster_1
789.0,-452.0,1,cluster_1
800.0,-389.0,1,cluster_1
753.0,-384.0,1,cluster_1
774.0,-390.0,1,cluster_1
718.0,-423.0,1,cluster_1
725.0,-409.0,1,cluster_1
651.0,-637.0,1,cluster_1
712.0,-751.0,1,cluster_1
632.0,-683.0,1,cluster_1
764.0,-374.0,1,cluster_1
627.0,-566.0,1,cluster_1
723.0,-685.0,1,cluster_1
638.0,-600.0,1,cluster_1
762.0,-626.0,1,cluster_1
679.0,-713.0,1,cluster_1
707.0,-766.0,1,cluster_1
766.0,-372.0,1,cluster_1
602.0,-723.0,1,cluster_1
616.0,-713.0,1,cluster_1
681.0,-666.0,1,cluster_1
791.0,-739.0,1,cluster_1
665.0,-390.0,1,cluster_1
726.0,-423.0,1,cluster_1
602.0,-712.0,1,cluster_1
650.0,-646.0,1,cluster_1
640.0,-514.0,1,cluster_1
659.0,-354.0,1,cluster_1
682.0,-604.0,1,cluster_1
651.0,-747.0,1,cluster_1
693.0,-725.0,1,cluster_1
685.0,-700.0,1,cluster_1
617.0,-568.0,1,cluster_1
741.0,-575.0,1,cluster_1
743.0,-452.0,1,cluster_1
679.0,-518.0,1,cluster_1
673.0,-547.0,1,cluster_1
719.0,-467.0,1,cluster_1
673.0,-373.0,1,cluster_1
729.0,-559.0,1,cluster_1
632.0,-687.0,1,cluster_1
648.0,-532.0,1,cluster_1
705.0,-741.0,1,cluster_1
722.0,-785.0,1,cluster_1
702.0,-739.0,1,cluster_1
716.0,-702.0,1,cluster_1
708.0,-560.0,1,cluster_1
696.0,-662.0,1,cluster_1
680.0,-614.0,1,cluster_1
638.0,-594.0,1,cluster_1
650.0,-743.0,1,cluster_1
588.0,-577.0,1,cluster_1
701.0,-447.0,1,cluster_1
670.0,-670.0,1,cluster_1
640.0,-704.0,1,cluster_1
629.0,-744.0,1,cluster_1
634.0,-382.0,1,cluster_1
673.0,-474.0,1,cluster_1
615.0,-474.0,1,cluster_1
631.0,-895.0,1,cluster_1
804.0,-459.0,1,cluster_1
699.0,-737.0,1,cluster_1
745.0,-686.0,1,cluster_1
644.0,-483.0,1,cluster_1
678.0,-592.0,1,cluster_1
682.0,-895.0,1,cluster_1
597.0,-877.0,1,cluster_1
719.0,-917.0,1,cluster_1
868.0,-388.0,1,cluster_1
645.0,-293.0,1,cluster_1
610.0,-859.0,1,cluster_1
571.0,-834.0,1,cluster_1
742.0,-707.0,1,cluster_1
728.0,-349.0,1,cluster_1
847.0,-774.0,1,cluster_1
710.0,-860.0,1,cluster_1
555.0,-841.0,1,cluster_1
611.0,-889.0,1,cluster_1
547.0,-755.0,1,cluster_1
751.0,-738.0,1,cluster_1
763.0,-667.0,1,cluster_1
543.0,-553.0,1,cluster_1
612.0,-656.0,1,cluster_1
720.0,-618.0,1,cluster_1
724.0,-660.0,1,cluster_1
633.0,-868.0,1,cluster_1
475.0,-886.0,1,cluster_1
715.0,-636.0,1,cluster_1
776.0,-389.0,1,cluster_1
674.0,-552.0,1,cluster_1
799.0,-351.0,1,cluster_1
769.0,-383.0,1,cluster_1
675.0,-374.0,1,cluster_1
621.0,-850.0,1,cluster_1
757.0,-734.0,1,cluster_1
676.0,-678.0,1,cluster_1
697.0,-596.0,1,cluster_1
668.0,-459.0,1,cluster_1
787.0,-757.0,1,cluster_1
651.0,-730.0,1,cluster_1
685.0,-628.0,1,cluster_1
731.0,-685.0,1,cluster_1
762.0,-775.0,1,cluster_1
657.0,-786.0,1,cluster_1
753.0,-627.0,1,cluster_1
710.0,-634.0,1,cluster_1
679.0,-573.0,1,cluster_1
801.0,-432.0,1,cluster_1
753.0,-752.0,1,cluster_1
753.0,-620.0,1,cluster_1
713.0,-666.0,1,cluster_1
669.0,-577.0,1,cluster_1
675.0,-861.0,1,cluster_1
795.0,-864.0,1,cluster_1
610.0,-393.0,1,cluster_1
718.0,-384.0,1,cluster_1
597.0,-786.0,1,cluster_1
714.0,-663.0,1,cluster_1
659.0,-729.0,1,cluster_1
715.0,-770.0,1,cluster_1
645.0,-540.0,1,cluster_1
786.0,-788.0,1,cluster_1
661.0,-724.0,1,cluster_1
664.0,-666.0,1,cluster_1
726.0,-691.0,1,cluster_1
638.0,-647.0,1,cluster_1
796.0,-561.0,1,cluster_1
757.0,-739.0,1,cluster_1
624.0,-733.0,1,cluster_1
649.0,-866.0,1,cluster_1
798.0,-463.0,1,cluster_1
528.0,-391.0,1,cluster_1
812.0,-418.0,1,cluster_1
693.0,-624.0,1,cluster_1
825.0,-501.0,1,cluster_1
649.0,-692.0,1,cluster_1
640.0,-696.0,1,cluster_1
803.0,-750.0,1,cluster_1
722.0,-640.0,1,cluster_1
662.0,-702.0,1,cluster_1
631.0,-709.0,1,cluster_1
835.0,-421.0,1,cluster_1
672.0,-490.0,1,cluster_1
727.0,-414.0,1,cluster_1
749.0,-425.0,1,cluster_1
793.0,-467.0,1,cluster_1
736.0,-551.0,1,cluster_1
791.0,-427.0,1,cluster_1
654.0,-646.0,1,cluster_1
752.0,-443.0,1,cluster_1
753.0,-729.0,1,cluster_1
772.0,-772.0,1,cluster_1
648.0,-480.0,1,cluster_1
790.0,-383.0,1,cluster_1
703.0,-448.0,1,cluster_1
749.0,-663.0,1,cluster_1
784.0,-421.0,1,cluster_1
774.0,-659.0,1,cluster_1
793.0,-389.0,1,cluster_1
730.0,-715.0,1,cluster_1
611.0,-488.0,1,cluster_1
705.0,-408.0,1,cluster_1
682.0,-601.0,1,cluster_1
657.0,-531.0,1,cluster_1
593.0,-599.0,1,cluster_1
689.0,-944.0,1,cluster_1
596.0,-824.0,1,cluster_1
677.0,-576.0,1,cluster_1
722.0,-345.0,1,cluster_1
759.0,-408.0,1,cluster_1
713.0,-413.0,1,cluster_1
609.0,-759.0,1,cluster_1
648.0,-544.0,1,cluster_1
722.0,-651.0,1,cluster_1
640.0,-677.0,1,cluster_1
693.0,-749.0,1,cluster_1
778.0,-417.0,1,cluster_1
644.0,-537.0,1,cluster_1
644.0,-522.0,1,cluster_1
687.0,-860.0,1,cluster_1
717.0,-599.0,1,cluster_1
685.0,-481.0,1,cluster_1
649.0,-735.0,1,cluster_1
660.0,-848.0,1,cluster_1
692.0,-560.0,1,cluster_1
663.0,-682.0,1,cluster_1
763.0,-705.0,1,cluster_1
634.0,-539.0,1,cluster_1
694.0,-600.0,1,cluster_1
591.0,-725.0,1,cluster_1
592.0,-686.0,1,cluster_1
644.0,-643.0,1,cluster_1
562.0,-640.0,1,cluster_1
594.0,-700.0,1,cluster_1
593.0,-489.0,1,cluster_1
596.0,-731.0,1,cluster_1
593.0,-688.0,1,cluster_1
639.0,-594.0,1,cluster_1
790.0,-761.0,1,cluster_1
711.0,-626.0,1,cluster_1
615.0,-700.0,1,cluster_1
578.0,-716.0,1,cluster_1
734.0,-366.0,1,cluster_1
753.0,-652.0,1,cluster_1
806.0,-697.0,1,cluster_1
647.0,-634.0,1,cluster_1
588.0,-702.0,1,cluster_1
543.0,-684.0,1,cluster_1
633.0,-702.0,1,cluster_1
593.0,-725.0,1,cluster_1
745.0,-668.0,1,cluster_1
621.0,-709.0,1,cluster_1
587.0,-697.0,1,cluster_1
657.0,-718.0,1,cluster_1
566.0,-701.0,1,cluster_1
589.0,-398.0,1,cluster_1
790.0,-445.0,1,cluster_1
837.0,-425.0,1,cluster_1
701.0,-553.0,1,cluster_1
661.0,-596.0,1,cluster_1
773.0,-368.0,1,cluster_1
717.0,-392.0,1,cluster_1
602.0,-727.0,1,cluster_1
715.0,-721.0,1,cluster_1
661.0,-554.0,1,cluster_1
723.0,-627.0,1,cluster_1
761.0,-732.0,1,cluster_1
554.0,-699.0,1,cluster_1
674.0,-675.0,1,cluster_1
698.0,-560.0,1,cluster_1
643.0,-717.0,1,cluster_1
735.0,-641.0,1,cluster_1
695.0,-591.0,1,cluster_1
657.0,-644.0,1,cluster_1
629.0,-649.0,1,cluster_1
684.0,-637.0,1,cluster_1
740.0,-451.0,1,cluster_1
620.0,-624.0,1,cluster_1
679.0,-661.0,1,cluster_1
716.0,-732.0,1,cluster_1
752.0,-571.0,1,cluster_1
695.0,-707.0,1,cluster_1
734.0,-702.0,1,cluster_1
713.0,-500.0,1,cluster_1
720.0,-636.0,1,cluster_1
682.0,-735.0,1,cluster_1
630.0,-573.0,1,cluster_1
762.0,-399.0,1,cluster_1
732.0,-402.0,1,cluster_1
732.0,-652.0,1,cluster_1
526.0,-297.0,1,cluster_1
718.0,-549.0,1,cluster_1
728.0,-682.0,1,cluster_1
578.0,-450.0,1,cluster_1
624.0,-701.0,1,cluster_1
697.0,-446.0,1,cluster_1
755.0,-420.0,1,cluster_1
723.0,-775.0,1,cluster_1
788.0,-366.0,1,cluster_1
755.0,-430.0,1,cluster_1
779.0,-850.0,1,cluster_1
711.0,-559.0,1,cluster_1
657.0,-513.0,1,cluster_1
710.0,-632.0,1,cluster_1
755.0,-793.0,1,cluster_1
349.0,-549.0,1,cluster_1
635.0,-802.0,1,cluster_1
722.0,-732.0,1,cluster_1
691.0,-673.0,1,cluster_1
678.0,-377.0,1,cluster_1
792.0,-674.0,1,cluster_1
814.0,-665.0,1,cluster_1
724.0,-411.0,1,cluster_1
623.0,-432.0,1,cluster_1
564.0,-593.0,1,cluster_1
835.0,-734.0,1,cluster_1
735.0,-764.0,1,cluster_1
390.0,-461.0,1,cluster_1
669.0,-558.0,1,cluster_1
739.0,-794.0,1,cluster_1
738.0,-480.0,1,cluster_1
650.0,-722.0,1,cluster_1
748.0,-786.0,1,cluster_1
694.0,-809.0,1,cluster_1
664.0,-515.0,1,cluster_1
769.0,-383.0,1,cluster_1
758.0,-399.0,1,cluster_1
684.0,-452.0,1,cluster_1
633.0,-436.0,1,cluster_1
623.0,-443.0,1,cluster_1
668.0,-645.0,1,cluster_1
566.0,-505.0,1,cluster_1
693.0,-450.0,1,cluster_1
622.0,-654.0,1,cluster_1
706.0,-793.0,1,cluster_1
677.0,-451.0,1,cluster_1
716.0,-672.0,1,cluster_1
674.0,-447.0,1,cluster_1
665.0,-544.0,1,cluster_1
805.0,-418.0,1,cluster_1
614.0,-508.0,1,cluster_1
590.0,-705.0,1,cluster_1
658.0,-566.0,1,cluster_1
826.0,-465.0,1,cluster_1
595.0,-719.0,1,cluster_1
732.0,-531.0,1,cluster_1
670.0,-592.0,1,cluster_1
678.0,-567.0,1,cluster_1
621.0,-625.0,1,cluster_1
745.0,-352.0,1,cluster_1
630.0,-633.0,1,cluster_1
771.0,-728.0,1,cluster_1
728.0,-548.0,1,cluster_1
482.0,-603.0,1,cluster_1
663.0,-388.0,1,cluster_1
853.0,-377.0,1,cluster_1
761.0,-387.0,1,cluster_1
751.0,-377.0,1,cluster_1
643.0,-451.0,1,cluster_1
616.0,-486.0,1,cluster_1
688.0,-703.0,1,cluster_1
559.0,-603.0,1,cluster_1
627.0,-444.0,1,cluster_1
773.0,-785.0,1,cluster_1
618.0,-638.0,1,cluster_1
531.0,-608.0,1,cluster_1
644.0,-504.0,1,cluster_1
662.0,-620.0,1,cluster_1
799.0,-707.0,1,cluster_1
721.0,-495.0,1,cluster_1
605.0,-450.0,1,cluster_1
493.0,-459.0,1,cluster_1
683.0,-546.0,1,cluster_1
730.0,-708.0,1,cluster_1
774.0,-428.0,1,cluster_1
583.0,-388.0,1,cluster_1
753.0,-771.0,1,cluster_1
651.0,-580.0,1,cluster_1
640.0,-627.0,1,cluster_1
722.0,-675.0,1,cluster_1
759.0,-778.0,1,cluster_1
592.0,-740.0,1,cluster_1
746.0,-727.0,1,cluster_1
733.0,-867.0,1,cluster_1
657.0,-714.0,1,cluster_1
693.0,-469.0,1,cluster_1
634.0,-723.0,1,cluster_1
633.0,-649.0,1,cluster_1
698.0,-795.0,1,cluster_1
747.0,-434.0,1,cluster_1
762.0,-808.0,1,cluster_1
701.0,-697.0,1,cluster_1
686.0,-589.0,1,cluster_1
792.0,-428.0,1,cluster_1
754.0,-665.0,1,cluster_1
699.0,-757.0,1,cluster_1
792.0,-784.0,1,cluster_1
789.0,-762.0,1,cluster_1
694.0,-678.0,1,cluster_1
713.0,-533.0,1,cluster_1
741.0,-753.0,1,cluster_1
798.0,-352.0,1,cluster_1
715.0,-345.0,1,cluster_1
640.0,-713.0,1,cluster_1
693.0,-443.0,1,cluster_1
759.0,-562.0,1,cluster_1
837.0,-809.0,1,cluster_1
835.0,-763.0,1,cluster_1
641.0,-662.0,1,cluster_1
724.0,-584.0,1,cluster_1
544.0,-683.0,1,cluster_1
718.0,-623.0,1,cluster_1
759.0,-590.0,1,cluster_1
789.0,-765.0,1,cluster_1
767.0,-793.0,1,cluster_1
585.0,-657.0,1,cluster_1
664.0,-672.0,1,cluster_1
701.0,-722.0,1,cluster_1
740.0,-668.0,1,cluster_1
617.0,-699.0,1,cluster_1
733.0,-681.0,1,cluster_1
523.0,-398.0,1,cluster_1
723.0,-632.0,1,cluster_1
738.0,-263.0,1,cluster_1
782.0,-717.0,1,cluster_1
780.0,-513.0,1,cluster_1
798.0,-782.0,1,cluster_1
700.0,-683.0,1,cluster_1
689.0,-643.0,1,cluster_1
684.0,-576.0,1,cluster_1
787.0,-382.0,1,cluster_1
590.0,-662.0,1,cluster_1
710.0,-739.0,1,cluster_1
780.0,-787.0,1,cluster_1
839.0,-396.0,1,cluster_1
721.0,-795.0,1,cluster_1
723.0,-759.0,1,cluster_1
771.0,-646.0,1,cluster_1
608.0,-381.0,1,cluster_1
714.0,-460.0,1,cluster_1
696.0,-746.0,1,cluster_1
751.0,-396.0,1,cluster_1
637.0,-655.0,1,cluster_1
825.0,-393.0,1,cluster_1
715.0,-750.0,1,cluster_1
702.0,-501.0,1,cluster_1
682.0,-699.0,1,cluster_1
752.0,-347.0,1,cluster_1
733.0,-306.0,1,cluster_1
761.0,-475.0,1,cluster_1
666.0,-685.0,1,cluster_1
725.0,-761.0,1,cluster_1
701.0,-688.0,1,cluster_1
663.0,-697.0,1,cluster_1
672.0,-747.0,1,cluster_1
697.0,-748.0,1,cluster_1
346.0,-308.0,1,cluster_1
677.0,-367.0,1,cluster_1
712.0,-697.0,1,cluster_1
659.0,-529.0,1,cluster_1
843.0,-403.0,1,cluster_1
767.0,-657.0,1,cluster_1
736.0,-309.0,1,cluster_1
772.0,-451.0,1,cluster_1
718.0,-428.0,1,cluster_1
670.0,-734.0,1,cluster_1
682.0,-437.0,1,cluster_1
658.0,-345.0,1,cluster_1
742.0,-804.0,1,cluster_1
807.0,-383.0,1,cluster_1
627.0,-687.0,1,cluster_1
606.0,-620.0,1,cluster_1
732.0,-699.0,1,cluster_1
576.0,-610.0,1,cluster_1
604.0,-421.0,1,cluster_1
761.0,-701.0,1,cluster_1
661.0,-664.0,1,cluster_1
800.0,-434.0,1,cluster_1
706.0,-566.0,1,cluster_1
774.0,-635.0,1,cluster_1
774.0,-810.0,1,cluster_1
751.0,-729.0,1,cluster_1
585.0,-681.0,1,cluster_1
722.0,-441.0,1,cluster_1
825.0,-770.0,1,cluster_1
699.0,-663.0,1,cluster_1
785.0,-587.0,1,cluster_1
685.0,-397.0,1,cluster_1
560.0,-536.0,1,cluster_1
724.0,-749.0,1,cluster_1
640.0,-676.0,1,cluster_1
727.0,-369.0,1,cluster_1
734.0,-728.0,1,cluster_1
690.0,-713.0,1,cluster_1
788.0,-760.0,1,cluster_1
771.0,-614.0,1,cluster_1
782.0,-449.0,1,cluster_1
653.0,-417.0,1,cluster_1
717.0,-543.0,1,cluster_1
804.0,-414.0,1,cluster_1
853.0,-655.0,1,cluster_1
758.0,-721.0,1,cluster_1
702.0,-420.0,1,cluster_1
799.0,-416.0,1,cluster_1
641.0,-426.0,1,cluster_1
804.0,-388.0,1,cluster_1
797.0,-509.0,1,cluster_1
803.0,-596.0,1,cluster_1
821.0,-420.0,1,cluster_1
782.0,-772.0,1,cluster_1
648.0,-677.0,1,cluster_1
730.0,-615.0,1,cluster_1
761.0,-722.0,1,cluster_1
484.0,-620.0,1,cluster_1
389.0,-795.0,-1,noise
792.0,-821.0,1,cluster_1
700.0,-456.0,1,cluster_1
824.0,-415.0,1,cluster_1
701.0,-629.0,1,cluster_1
690.0,-357.0,1,cluster_1
701.0,-750.0,1,cluster_1
701.0,-738.0,1,cluster_1
707.0,-672.0,1,cluster_1
689.0,-566.0,1,cluster_1
782.0,-705.0,1,cluster_1
635.0,-743.0,1,cluster_1
736.0,-689.0,1,cluster_1
770.0,-362.0,1,cluster_1
681.0,-503.0,1,cluster_1
706.0,-391.0,1,cluster_1
717.0,-511.0,1,cluster_1
758.0,-438.0,1,cluster_1
733.0,-516.0,1,cluster_1
748.0,-521.0,1,cluster_1
758.0,-420.0,1,cluster_1
850.0,-492.0,1,cluster_1
734.0,-379.0,1,cluster_1
646.0,-574.0,1,cluster_1
771.0,-441.0,1,cluster_1
793.0,-414.0,1,cluster_1
704.0,-580.0,1,cluster_1
760.0,-417.0,1,cluster_1
742.0,-410.0,1,cluster_1
662.0,-441.0,1,cluster_1
680.0,-438.0,1,cluster_1
768.0,-442.0,1,cluster_1
599.0,-314.0,1,cluster_1
782.0,-901.0,1,cluster_1
748.0,-682.0,1,cluster_1
585.0,-635.0,1,cluster_1
659.0,-673.0,1,cluster_1
658.0,-448.0,1,cluster_1
662.0,-450.0,1,cluster_1
731.0,-772.0,1,cluster_1
646.0,-889.0,1,cluster_1
752.0,-822.0,1,cluster_1
619.0,-445.0,1,cluster_1
621.0,-437.0,1,cluster_1
707.0,-687.0,1,cluster_1
600.0,-610.0,1,cluster_1
745.0,-804.0,1,cluster_1
651.0,-761.0,1,cluster_1
635.0,-741.0,1,cluster_1
664.0,-733.0,1,cluster_1
568.0,-489.0,1,cluster_1
697.0,-443.0,1,cluster_1
754.0,-474.0,1,cluster_1
680.0,-512.0,1,cluster_1
651.0,-735.0,1,cluster_1
616.0,-729.0,1,cluster_1
655.0,-686.0,1,cluster_1
657.0,-383.0,1,cluster_1
761.0,-740.0,1,cluster_1
608.0,-765.0,1,cluster_1
685.0,-703.0,1,cluster_1
861.0,-430.0,1,cluster_1
622.0,-441.0,1,cluster_1
725.0,-432.0,1,cluster_1
664.0,-567.0,1,cluster_1
790.0,-458.0,1,cluster_1
753.0,-482.0,1,cluster_1
639.0,-437.0,1,cluster_1
638.0,-392.0,1,cluster_1
688.0,-674.0,1,cluster_1
717.0,-496.0,1,cluster_1
580.0,-764.0,1,cluster_1
712.0,-589.0,1,cluster_1
767.0,-365.0,1,cluster_1
744.0,-468.0,1,cluster_1
795.0,-408.0,1,cluster_1
516.0,-729.0,1,cluster_1
724.0,-636.0,1,cluster_1
749.0,-698.0,1,cluster_1
679.0,-686.0,1,cluster_1
741.0,-438.0,1,cluster_1
571.0,-646.0,1,cluster_1
518.0,-488.0,1,cluster_1
641.0,-770.0,1,cluster_1
544.0,-518.0,1,cluster_1
728.0,-351.0,1,cluster_1
738.0,-692.0,1,cluster_1
598.0,-624.0,1,cluster_1
712.0,-424.0,1,cluster_1
698.0,-701.0,1,cluster_1
597.0,-625.0,1,cluster_1
696.0,-674.0,1,cluster_1
720.0,-351.0,1,cluster_1
680.0,-343.0,1,cluster_1
637.0,-723.0,1,cluster_1
669.0,-620.0,1,cluster_1
729.0,-645.0,1,cluster_1
605.0,-735.0,1,cluster_1
779.0,-414.0,1,cluster_1
658.0,-400.0,1,cluster_1
780.0,-675.0,1,cluster_1
647.0,-426.0,1,cluster_1
791.0,-404.0,1,cluster_1
773.0,-706.0,1,cluster_1
675.0,-635.0,1,cluster_1
753.0,-441.0,1,cluster_1
700.0,-526.0,1,cluster_1
633.0,-885.0,1,cluster_1
593.0,-604.0,1,cluster_1
641.0,-881.0,1,cluster_1
715.0,-680.0,1,cluster_1
617.0,-583.0,1,cluster_1
628.0,-578.0,1,cluster_1
716.0,-542.0,1,cluster_1
681.0,-851.0,1,cluster_1
736.0,-618.0,1,cluster_1
830.0,-314.0,1,cluster_1
602.0,-674.0,1,cluster_1
612.0,-348.0,1,cluster_1
766.0,-420.0,1,cluster_1
712.0,-606.0,1,cluster_1
674.0,-773.0,1,cluster_1
644.0,-509.0,1,cluster_1
342.0,-493.0,1,cluster_1
757.0,-322.0,1,cluster_1
635.0,-374.0,1,cluster_1
602.0,-286.0,1,cluster_1
661.0,-449.0,1,cluster_1
776.0,-800.0,1,cluster_1
447.0,-598.0,1,cluster_1
431.0,-661.0,1,cluster_1
883.0,-440.0,1,cluster_1
347.0,-367.0,1,cluster_1
716.0,-357.0,1,cluster_1
815.0,-559.0,1,cluster_1
789.0,-533.0,1,cluster_1
583.0,-727.0,1,cluster_1
797.0,-773.0,1,cluster_1
720.0,-289.0,1,cluster_1
783.0,-372.0,1,cluster_1
571.0,-597.0,1,cluster_1
821.0,-391.0,1,cluster_1
733.0,-407.0,1,cluster_1
820.0,-375.0,1,cluster_1
803.0,-416.0,1,cluster_1
825.0,-356.0,1,cluster_1
633.0,-451.0,1,cluster_1
709.0,-745.0,1,cluster_1
763.0,-393.0,1,cluster_1
611.0,-514.0,1,cluster_1
765.0,-546.0,1,cluster_1
810.0,-331.0,1,cluster_1
918.0,-327.0,1,cluster_1
850.0,-718.0,1,cluster_1
729.0,-382.0,1,cluster_1
758.0,-367.0,1,cluster_1
658.0,-579.0,1,cluster_1
603.0,-545.0,1,cluster_1
468.0,-531.0,1,cluster_1
812.0,-779.0,1,cluster_1
714.0,-853.0,1,cluster_1
782.0,-399.0,1,cluster_1
797.0,-784.0,1,cluster_1
694.0,-411.0,1,cluster_1
850.0,-833.0,1,cluster_1
754.0,-709.0,1,cluster_1
502.0,-488.0,1,cluster_1
630.0,-603.0,1,cluster_1
621.0,-306.0,1,cluster_1
462.0,-522.0,1,cluster_1
494.0,-346.0,1,cluster_1
708.0,-528.0,1,cluster_1
677.0,-792.0,1,cluster_1
614.0,-363.0,1,cluster_1
610.0,-359.0,1,cluster_1
642.0,-250.0,1,cluster_1
651.0,-465.0,1,cluster_1
779.0,-385.0,1,cluster_1
516.0,-628.0,1,cluster_1
624.0,-932.0,1,cluster_1
692.0,-405.0,1,cluster_1
477.0,-591.0,1,cluster_1
678.0,-568.0,1,cluster_1
575.0,-327.0,1,cluster_1
695.0,-381.0,1,cluster_1
816.0,-399.0,1,cluster_1
783.0,-519.0,1,cluster_1
493.0,-440.0,1,cluster_1
853.0,-427.0,1,cluster_1
742.0,-423.0,1,cluster_1
617.0,-403.0,1,cluster_1
741.0,-385.0,1,cluster_1
856.0,-410.0,1,cluster_1
589.0,-388.0,1,cluster_1
747.0,-376.0,1,cluster_1
683.0,-385.0,1,cluster_1
776.0,-439.0,1,cluster_1
606.0,-805.0,1,cluster_1
727.0,-391.0,1,cluster_1
681.0,-663.0,1,cluster_1
672.0,-727.0,1,cluster_1
634.0,-618.0,1,cluster_1
709.0,-549.0,1,cluster_1
781.0,-670.0,1,cluster_1
639.0,-709.0,1,cluster_1
717.0,-408.0,1,cluster_1
651.0,-344.0,1,cluster_1
800.0,-886.0,1,cluster_1
759.0,-754.0,1,cluster_1
602.0,-629.0,1,cluster_1
811.0,-371.0,1,cluster_1
628.0,-725.0,1,cluster_1
806.0,-522.0,1,cluster_1
545.0,-553.0,1,cluster_1
702.0,-659.0,1,cluster_1
797.0,-420.0,1,cluster_1
626.0,-457.0,1,cluster_1
708.0,-429.0,1,cluster_1
735.0,-411.0,1,cluster_1
782.0,-534.0,1,cluster_1
662.0,-397.0,1,cluster_1
842.0,-548.0,1,cluster_1
622.0,-612.0,1,cluster_1
724.0,-419.0,1,cluster_1
521.0,-409.0,1,cluster_1
703.0,-847.0,1,cluster_1
666.0,-366.0,1,cluster_1
570.0,-668.0,1,cluster_1
727.0,-657.0,1,cluster_1
716.0,-455.0,1,cluster_1
729.0,-786.0,1,cluster_1
732.0,-411.0,1,cluster_1
640.0,-604.0,1,cluster_1
561.0,-445.0,1,cluster_1
679.0,-522.0,1,cluster_1
755.0,-736.0,1,cluster_1
772.0,-790.0,1,cluster_1
678.0,-424.0,1,cluster_1
678.0,-372.0,1,cluster_1
655.0,-686.0,1,cluster_1
746.0,-706.0,1,cluster_1
725.0,-576.0,1,cluster_1
727.0,-514.0,1,cluster_1
694.0,-673.0,1,cluster_1
662.0,-746.0,1,cluster_1
712.0,-876.0,1,cluster_1
856.0,-461.0,1,cluster_1
700.0,-429.0,1,cluster_1
802.0,-744.0,1,cluster_1
722.0,-720.0,1,cluster_1
778.0,-853.0,1,cluster_1
743.0,-522.0,1,cluster_1
747.0,-653.0,1,cluster_1
611.0,-724.0,1,cluster_1
778.0,-704.0,1,cluster_1
801.0,-635.0,1,cluster_1
768.0,-517.0,1,cluster_1
867.0,-473.0,1,cluster_1
744.0,-757.0,1,cluster_1
549.0,-267.0,1,cluster_1
797.0,-728.0,1,cluster_1
555.0,-272.0,1,cluster_1
671.0,-445.0,1,cluster_1
797.0,-784.0,1,cluster_1
646.0,-739.0,1,cluster_1
748.0,-514.0,1,cluster_1
712.0,-589.0,1,cluster_1
543.0,-412.0,1,cluster_1
712.0,-598.0,1,cluster_1
798.0,-393.0,1,cluster_1
579.0,-735.0,1,cluster_1
712.0,-626.0,1,cluster_1
540.0,-577.0,1,cluster_1
790.0,-380.0,1,cluster_1
728.0,-661.0,1,cluster_1
740.0,-680.0,1,cluster_1
630.0,-659.0,1,cluster_1
714.0,-382.0,1,cluster_1
653.0,-574.0,1,cluster_1
612.0,-555.0,1,cluster_1
570.0,-326.0,1,cluster_1
692.0,-764.0,1,cluster_1
752.0,-772.0,1,cluster_1
780.0,-671.0,1,cluster_1
703.0,-706.0,1,cluster_1
744.0,-656.0,1,cluster_1
689.0,-656.0,1,cluster_1
504.0,-337.0,1,cluster_1
784.0,-550.0,1,cluster_1
659.0,-522.0,1,cluster_1
705.0,-533.0,1,cluster_1
722.0,-523.0,1,cluster_1
567.0,-537.0,1,cluster_1
709.0,-270.0,1,cluster_1
535.0,-466.0,1,cluster_1
792.0,-408.0,1,cluster_1
771.0,-764.0,1,cluster_1
792.0,-413.0,1,cluster_1
821.0,-649.0,1,cluster_1
846.0,-422.0,1,cluster_1
545.0,-424.0,1,cluster_1
607.0,-624.0,1,cluster_1
448.0,-300.0,1,cluster_1
733.0,-633.0,1,cluster_1
708.0,-429.0,1,cluster_1
702.0,-589.0,1,cluster_1
585.0,-553.0,1,cluster_1
392.0,-319.0,1,cluster_1
683.0,-516.0,1,cluster_1
702.0,-531.0,1,cluster_1
625.0,-431.0,1,cluster_1
871.0,-883.0,1,cluster_1
565.0,-545.0,1,cluster_1
599.0,-397.0,1,cluster_1
644.0,-604.0,1,cluster_1
705.0,-540.0,1,cluster_1
597.0,-374.0,1,cluster_1
626.0,-311.0,1,cluster_1
514.0,-422.0,1,cluster_1
470.0,-427.0,1,cluster_1
625.0,-511.0,1,cluster_1
782.0,-736.0,1,cluster_1
668.0,-346.0,1,cluster_1
694.0,-517.0,1,cluster_1
678.0,-685.0,1,cluster_1
732.0,-406.0,1,cluster_1
737.0,-712.0,1,cluster_1
672.0,-645.0,1,cluster_1
775.0,-538.0,1,cluster_1
283.0,-550.0,1,cluster_1
569.0,-575.0,1,cluster_1
588.0,-622.0,1,cluster_1
692.0,-355.0,1,cluster_1
642.0,-436.0,1,cluster_1
552.0,-579.0,1,cluster_1
631.0,-440.0,1,cluster_1
764.0,-425.0,1,cluster_1
543.0,-413.0,1,cluster_1
804.0,-647.0,1,cluster_1
703.0,-473.0,1,cluster_1
623.0,-603.0,1,cluster_1
708.0,-468.0,1,cluster_1
820.0,-666.0,1,cluster_1
648.0,-659.0,1,cluster_1
562.0,-626.0,1,cluster_1
571.0,-567.0,1,cluster_1
735.0,-660.0,1,cluster_1
675.0,-713.0,1,cluster_1
607.0,-478.0,1,cluster_1
707.0,-537.0,1,cluster_1
494.0,-348.0,1,cluster_1
727.0,-336.0,1,cluster_1
573.0,-456.0,1,cluster_1
630.0,-471.0,1,cluster_1
617.0,-251.0,1,cluster_1
564.0,-380.0,1,cluster_1
733.0,-432.0,1,cluster_1
599.0,-330.0,1,cluster_1
685.0,-508.0,1,cluster_1
754.0,-737.0,1,cluster_1
716.0,-666.0,1,cluster_1
659.0,-385.0,1,cluster_1
795.0,-381.0,1,cluster_1
649.0,-649.0,1,cluster_1
684.0,-567.0,1,cluster_1
791.0,-418.0,1,cluster_1
281.0,-670.0,-1,noise
671.0,-437.0,1,cluster_1
611.0,-575.0,1,cluster_1
727.0,-735.0,1,cluster_1
725.0,-752.0,1,cluster_1
757.0,-649.0,1,cluster_1
429.0,-490.0,1,cluster_1
529.0,-652.0,1,cluster_1
586.0,-661.0,1,cluster_1
565.0,-644.0,1,cluster_1
585.0,-647.0,1,cluster_1
503.0,-563.0,1,cluster_1
547.0,-742.0,1,cluster_1
653.0,-348.0,1,cluster_1
736.0,-328.0,1,cluster_1
574.0,-294.0,1,cluster_1
682.0,-329.0,1,cluster_1
753.0,-524.0,1,cluster_1
533.0,-707.0,1,cluster_1
486.0,-599.0,1,cluster_1
762.0,-744.0,1,cluster_1
661.0,-335.0,1,cluster_1
633.0,-533.0,1,cluster_1
769.0,-397.0,1,cluster_1
583.0,-684.0,1,cluster_1
829.0,-366.0,1,cluster_1
548.0,-749.0,1,cluster_1
587.0,-380.0,1,cluster_1
315.0,-541.0,1,cluster_1
778.0,-301.0,1,cluster_1
655.0,-398.0,1,cluster_1
695.0,-383.0,1,cluster_1
654.0,-391.0,1,cluster_1
776.0,-422.0,1,cluster_1
845.0,-388.0,1,cluster_1
833.0,-384.0,1,cluster_1
501.0,-367.0,1,cluster_1
607.0,-337.0,1,cluster_1
605.0,-505.0,1,cluster_1
607.0,-518.0,1,cluster_1
760.0,-698.0,1,cluster_1
666.0,-526.0,1,cluster_1
559.0,-588.0,1,cluster_1
494.0,-536.0,1,cluster_1
719.0,-525.0,1,cluster_1
752.0,-405.0,1,cluster_1
940.0,-771.0,1,cluster_1
754.0,-619.0,1,cluster_1
639.0,-440.0,1,cluster_1
650.0,-374.0,1,cluster_1
763.0,-899.0,1,cluster_1
745.0,-697.0,1,cluster_1
651.0,-479.0,1,cluster_1
732.0,-530.0,1,cluster_1
702.0,-684.0,1,cluster_1
547.0,-540.0,1,cluster_1
663.0,-513.0,1,cluster_1
493.0,-545.0,1,cluster_1
690.0,-535.0,1,cluster_1
729.0,-671.0,1,cluster_1
595.0,-739.0,1,cluster_1
672.0,-464.0,1,cluster_1
785.0,-415.0,1,cluster_1
606.0,-429.0,1,cluster_1
587.0,-539.0,1,cluster_1
604.0,-538.0,1,cluster_1
510.0,-931.0,1,cluster_1
585.0,-534.0,1,cluster_1
584.0,-532.0,1,cluster_1
612.0,-618.0,1,cluster_1
698.0,-411.0,1,cluster_1
780.0,-383.0,1,cluster_1
810.0,-388.0,1,cluster_1
902.0,-526.0,1,cluster_1
700.0,-377.0,1,cluster_1
669.0,-692.0,1,cluster_1
706.0,-483.0,1,cluster_1
577.0,-446.0,1,cluster_1
780.0,-538.0,1,cluster_1
581.0,-311.0,1,cluster_1
810.0,-468.0,1,cluster_1
839.0,-371.0,1,cluster_1
782.0,-444.0,1,cluster_1
703.0,-408.0,1,cluster_1
632.0,-320.0,1,cluster_1
464.0,-442.0,1,cluster_1
922.0,-726.0,1,cluster_1
495.0,-543.0,1,cluster_1
577.0,-503.0,1,cluster_1
588.0,-569.0,1,cluster_1
594.0,-533.0,1,cluster_1
596.0,-519.0,1,cluster_1
792.0,-727.0,1,cluster_1
590.0,-297.0,1,cluster_1
676.0,-359.0,1,cluster_1
497.0,-586.0,1,cluster_1
313.0,-268.0,1,cluster_1
501.0,-379.0,1,cluster_1
657.0,-370.0,1,cluster_1
776.0,-399.0,1,cluster_1
759.0,-586.0,1,cluster_1
558.0,-551.0,1,cluster_1
556.0,-550.0,1,cluster_1
815.0,-437.0,1,cluster_1
492.0,-447.0,1,cluster_1
802.0,-368.0,1,cluster_1
518.0,-513.0,1,cluster_1
645.0,-696.0,1,cluster_1
728.0,-414.0,1,cluster_1
794.0,-767.0,1,cluster_1
723.0,-397.0,1,cluster_1
677.0,-695.0,1,cluster_1
763.0,-431.0,1,cluster_1
723.0,-660.0,1,cluster_1
602.0,-303.0,1,cluster_1
749.0,-595.0,1,cluster_1
553.0,-448.0,1,cluster_1
740.0,-417.0,1,cluster_1
515.0,-571.0,1,cluster_1
652.0,-654.0,1,cluster_1
549.0,-414.0,1,cluster_1
383.0,-496.0,1,cluster_1
501.0,-517.0,1,cluster_1
466.0,-517.0,1,cluster_1
534.0,-363.0,1,cluster_1
754.0,-414.0,1,cluster_1
743.0,-648.0,1,cluster_1
762.0,-833.0,1,cluster_1
838.0,-488.0,1,cluster_1
615.0,-560.0,1,cluster_1
586.0,-673.0,1,cluster_1
679.0,-692.0,1,cluster_1
711.0,-421.0,1,cluster_1
677.0,-252.0,1,cluster_1
688.0,-301.0,1,cluster_1
621.0,-382.0,1,cluster_1
725.0,-584.0,1,cluster_1
695.0,-374.0,1,cluster_1
694.0,-347.0,1,cluster_1
644.0,-559.0,1,cluster_1
694.0,-411.0,1,cluster_1
527.0,-535.0,1,cluster_1
408.0,-344.0,1,cluster_1
745.0,-728.0,1,cluster_1
604.0,-657.0,1,cluster_1
615.0,-434.0,1,cluster_1
692.0,-413.0,1,cluster_1
598.0,-654.0,1,cluster_1
709.0,-567.0,1,cluster_1
636.0,-290.0,1,cluster_1
622.0,-419.0,1,cluster_1
667.0,-596.0,1,cluster_1
702.0,-591.0,1,cluster_1
532.0,-344.0,1,cluster_1
708.0,-861.0,1,cluster_1
689.0,-524.0,1,cluster_1
825.0,-409.0,1,cluster_1
474.0,-638.0,1,cluster_1
835.0,-471.0,1,cluster_1
749.0,-493.0,1,cluster_1
814.0,-498.0,1,cluster_1
436.0,-483.0,1,cluster_1
533.0,-540.0,1,cluster_1
567.0,-460.0,1,cluster_1
535.0,-532.0,1,cluster_1
772.0,-564.0,1,cluster_1
749.0,-872.0,1,cluster_1
568.0,-390.0,1,cluster_1
596.0,-475.0,1,cluster_1
575.0,-256.0,1,cluster_1
727.0,-539.0,1,cluster_1
689.0,-407.0,1,cluster_1
207.0,-391.0,-1,noise
237.0,-446.0,1,cluster_1
162.0,-403.0,-1,noise
-35.4,-324.0,-1,noise
-313.0,-637.0,-1,noise
-324.0,-578.0,-1,noise
164.0,-287.0,-1,noise
-24.2,-367.0,-1,noise
-106.0,-270.0,0,cluster_0
240.0,-307.0,1,cluster_1
-351.0,-619.0,-1,noise
-51.2,-372.0,-1,noise
162.0,-389.0,-1,noise
206.0,-388.0,-1,noise
-132.0,-579.0,-1,noise
180.0,-481.0,-1,noise
-323.0,-399.0,-1,noise
168.0,-422.0,-1,noise
-284.0,-265.0,0,cluster_0
31.9,-515.0,-1,noise
162.0,-301.0,-1,noise
50.7,-306.0,-1,noise
-155.0,-313.0,-1,noise
114.0,-275.0,-1,noise
241.0,-265.0,1,cluster_1
-274.0,-306.0,0,cluster_0
-118.0,-336.0,-1,noise
-143.0,-263.0,0,cluster_0
214.0,-506.0,-1,noise
55.5,-383.0,-1,noise
-322.0,-265.0,-1,noise
-363.0,-398.0,-1,noise
-454.0,-461.0,-1,noise
241.0,-677.0,-1,noise
109.0,-491.0,-1,noise
61.8,-443.0,-1,noise
1.67,-456.0,-1,noise
14.4,-352.0,-1,noise
-268.0,-306.0,0,cluster_0
82.6,-461.0,-1,noise
-240.0,-415.0,-1,noise
119.0,-607.0,-1,noise
220.0,-621.0,-1,noise
148.0,-506.0,-1,noise
-274.0,-519.0,-1,noise
-1.21,-312.0,-1,noise
-90.5,-459.0,-1,noise
-241.0,-383.0,-1,noise
-10.1,-510.0,-1,noise
37.5,-324.0,-1,noise
-25.0,-410.0,-1,noise
-329.0,-403.0,-1,noise
-691.0,-423.0,-1,noise
-29.4,-596.0,-1,noise
-295.0,-416.0,-1,noise
142.0,-506.0,-1,noise
